city,so2,no2,spm,year
Hyderabad,8.868965517,15.29655172,NA,1990
Hyderabad,10.81111111,18.82777778,NA,1991
Hyderabad,12.806,28.774,186.28,1992
Hyderabad,8.544444444,15.96111111,NA,1993
Hyderabad,10.76031746,18.27301587,NA,1994
Hyderabad,16.51875,36.103125,NA,1995
Hyderabad,NA,NA,NA,1996
Hyderabad,NA,NA,135.7096774,1997
Hyderabad,10.90392157,30.52941176,187.3529412,1998
Hyderabad,13.18333333,22.37083333,214.5555556,1999
Hyderabad,NA,NA,160.75,2000
Hyderabad,11.28194444,29.19583333,152.0694444,2001
Hyderabad,7.245833333,25.6375,120.3333333,2002
Hyderabad,3.685294118,30.68848039,NA,2004
Hyderabad,NA,NA,227.3288227,2005
Hyderabad,NA,NA,NA,2006
Hyderabad,NA,NA,NA,2007
Hyderabad,NA,NA,NA,2008
Hyderabad,NA,NA,NA,2009
Hyderabad,NA,NA,NA,2010
Hyderabad,NA,NA,NA,2011
Hyderabad,4.724941725,25.33100233,NA,2012
Hyderabad,NA,NA,NA,2013
Hyderabad,NA,NA,NA,2014
Hyderabad,NA,NA,NA,2015
Vishakhapatnam,NA,NA,243.5675676,1992
Vishakhapatnam,18.9,27.43703704,150.2962963,1995
Vishakhapatnam,23.89722222,56.25,188.6388889,1996
Vishakhapatnam,31.25833333,59.43888889,250.25,1997
Vishakhapatnam,12.79565217,17.27391304,148.7391304,1998
Vishakhapatnam,16.78611111,14.92222222,163.4166667,1999
Vishakhapatnam,16.64166667,20.86944444,101.3055556,2000
Vishakhapatnam,13.56969697,22.54545455,122.5454545,2001
Vishakhapatnam,8.075757576,23.53333333,10.66666667,2002
Visakhapatnam,10.32,32.036,135.294,2004
Visakhapatnam,11.75576923,32.62115385,187.2115385,2005
Visakhapatnam,11.22986627,32.09197623,201.6062407,2006
Visakhapatnam,8.449232915,30.50013947,NA,2007
Visakhapatnam,10.14107143,29.71428571,178.6443452,2008
Visakhapatnam,NA,NA,NA,2009
Visakhapatnam,NA,NA,NA,2010
Visakhapatnam,NA,NA,NA,2012
Visakhapatnam,13.30140187,17.93925234,NA,2013
Visakhapatnam,13.27222982,20.80164159,NA,2014
Visakhapatnam,NA,NA,NA,2015
Tirupati,4.7625,10.275,65.375,2005
Tirupati,4.002298851,9.011494253,100.7816092,2006
Tirupati,NA,NA,NA,2007
Tirupati,4,9,109.0775862,2008
Tirupati,NA,NA,NA,2009
Tirupati,4,9,NA,2010
Tirupati,4.289795918,9.306122449,97.67346939,2011
Tirupati,4.366666667,16.86666667,NA,2012
Tirupati,4,9,NA,2013
Tirupati,4.742574257,11.04950495,NA,2015
Vijayawada,5.823529412,31.33529412,159.7058824,2005
Vijayawada,5.582631579,31.38052632,207.8631579,2006
Vijayawada,NA,NA,210.8148148,2007
Vijayawada,NA,NA,NA,2008
Vijayawada,4.6421875,13.7765625,197.3854167,2009
Vijayawada,5.836283186,13.64159292,NA,2010
Vijayawada,6.182608696,12.09565217,NA,2012
Vijayawada,NA,NA,NA,2013
Vijayawada,4.937106918,24.04716981,NA,2014
Vijayawada,NA,NA,NA,2015
Patancheru,12.76,14.48363636,113.0909091,2006
Patancheru,16.73,28.74333333,338.9,2007
Patancheru,10.73809524,23.72380952,245.9619048,2008
Patancheru,16.68089888,25.84494382,204.3483146,2009
Patancheru,11.44897959,22.90816327,NA,2010
Patancheru,6.252336449,22.26168224,NA,2011
Patancheru,6.373831776,22.35514019,NA,2012
Patancheru,5.934579439,23.8317757,NA,2013
Patancheru,5.112149533,23.94392523,NA,2014
Patancheru,5.527777778,25.09259259,NA,2015
Ramagundam,54.70909091,21.25454545,239.5454545,2006
Ramagundam,NA,NA,NA,2007
Ramagundam,NA,NA,263.8910891,2008
Ramagundam,4.094736842,14.64868421,274.7763158,2009
Ramagundam,NA,NA,NA,2010
Ramagundam,5.619444444,NA,151.0833333,2011
Ramagundam,NA,11.21686747,NA,2012
Ramagundam,10.48148148,15.13580247,NA,2013
Ramagundam,5.75,13.9125,NA,2014
Ramagundam,6.666666667,15.25555556,NA,2015
Kurnool,4.06036036,NA,NA,2007
Kurnool,4,NA,NA,2008
Kurnool,4,9,184.2022472,2009
Kurnool,4,9,NA,2010
Kurnool,4,9,NA,2012
Kurnool,4.088235294,10.16666667,NA,2013
Kurnool,4.231481481,10.2037037,NA,2014
Kurnool,NA,NA,NA,2015
Guntur,4,9,217.825,2009
Guntur,2,11.29411765,NA,2010
Guntur,3.836231884,9.963768116,187.9710145,2011
Guntur,5.457142857,11.55238095,NA,2012
Guntur,NA,NA,NA,2013
Guntur,4.85046729,22.59813084,NA,2014
Guntur,4.961165049,25.57281553,NA,2015
Nalgonda,4.997058824,23.79117647,214.6470588,2009
Nalgonda,4.731481481,23.40740741,NA,2010
Nalgonda,4.18,18.29,NA,2011
Nalgonda,4.046728972,15.46728972,NA,2012
Nalgonda,4.179012346,15.72222222,NA,2013
Nalgonda,4.777777778,17.18518519,NA,2014
Nalgonda,6.734883721,24.66976744,NA,2015
Nellore,6.1,13.8,193,2009
Nellore,2,11.67021277,NA,2010
Nellore,5.539215686,11.29411765,NA,2012
Nellore,NA,NA,NA,2013
Nellore,4.961165049,27.52427184,NA,2015
Warangal,4.075,9.705,144.9,2009
Warangal,3.539215686,9.931372549,NA,2010
Warangal,NA,10.17333333,121.8333333,2011
Warangal,NA,NA,NA,2013
Warangal,5.1,11.48888889,NA,2014
Warangal,5.269607843,12.07843137,NA,2015
Chittoor,4,9,NA,2010
Chittoor,4.111111111,9,104.4722222,2011
Chittoor,4.03030303,9.02020202,NA,2012
Chittoor,4.310185185,9.421296296,NA,2013
Chittoor,5.043478261,12.7173913,NA,2014
Chittoor,4.890547264,12.6318408,NA,2015
Khammam,2,10.90291262,NA,2010
Khammam,5.188888889,11.13333333,NA,2012
Khammam,4.453125,17.08854167,NA,2013
Khammam,4.433962264,17.0754717,NA,2014
Khammam,5.323671498,12.34782609,NA,2015
Kakinada,NA,NA,NA,2012
Kakinada,NA,NA,NA,2013
Kakinada,7.647058824,19.00980392,NA,2015
Ananthapur,4,12.56481481,NA,2013
Ananthapur,4.787037037,10.31481481,NA,2014
Ananthapur,5.166666667,10.68518519,NA,2015
Eluru,NA,NA,NA,2013
Eluru,NA,NA,NA,2014
Eluru,NA,NA,NA,2015
Kadapa,4.740740741,9.842592593,NA,2013
Kadapa,4.416666667,10.25,NA,2014
Kadapa,4.77,11.13,NA,2015
Karimnagar,NA,NA,NA,2013
Karimnagar,7.09,14.97,NA,2015
Nizamabad,4.814814815,12.40740741,NA,2013
Ongole,NA,NA,NA,2013
Ongole,4.759259259,21.62962963,NA,2014
Ongole,4.990291262,28.60194175,NA,2015
Rajahmundry,NA,NA,NA,2013
Rajahmundry,10.61682243,17.61682243,NA,2014
Rajahmundry,7.421568627,18.19607843,NA,2015
Sangareddy,NA,NA,NA,2013
Sangareddy,7.286016949,53.06920904,NA,2014
Sangareddy,5.676190476,21.2952381,NA,2015
Srikakulam,NA,NA,NA,2013
Srikakulam,NA,NA,NA,2014
Srikakulam,NA,NA,NA,2015
Vizianagaram,NA,NA,NA,2013
Vizianagaram,NA,NA,NA,2014
Vizianagaram,NA,NA,NA,2015
Itanagar,NA,NA,NA,2014
Itanagar,NA,NA,NA,2015
Naharlagun,NA,NA,NA,2014
Naharlagun,NA,NA,NA,2015
Guwahati,12.8,20.33478261,37.34782609,1991
Guwahati,NA,NA,55.13333333,1992
Guwahati,6.047727273,35.43181818,NA,1993
Guwahati,6.402777778,NA,105.3055556,1994
Guwahati,1.978125,18.88125,63.6875,1995
Guwahati,NA,NA,117.8148148,1996
Guwahati,NA,NA,299,1997
Guwahati,7.208333333,43,159.3333333,2000
Guwahati,3.708333333,19.575,172,2001
Guwahati,3.141666667,18.7,168.8333333,2002
Guwahati,3.189189189,14.31013514,NA,2004
Guwahati,NA,NA,192.8172414,2005
Guwahati,NA,NA,NA,2006
Guwahati,NA,NA,155.0227894,2007
Guwahati,NA,15.41755233,176.6409018,2008
Guwahati,NA,16.37353362,215.620887,2009
Guwahati,7.619395203,15.2544317,NA,2010
Guwahati,6.182629482,14.18565737,NA,2012
Guwahati,7.061738424,15.78229082,NA,2013
Guwahati,NA,NA,NA,2014
Guwahati,7.150038081,14.34577304,NA,2015
Bongaigaon,NA,NA,62.23076923,2005
Bongaigaon,NA,NA,61.33333333,2006
Bongaigaon,NA,NA,88.16666667,2007
Bongaigaon,NA,NA,102.507109,2008
Bongaigaon,6.094535519,15.26994536,145.6994536,2009
Bongaigaon,6.524038462,15.04326923,NA,2010
Bongaigaon,6.122660099,13.67881773,NA,2012
Bongaigaon,6.786729858,14.40758294,NA,2013
Bongaigaon,6.637254902,13.23529412,NA,2014
Bongaigaon,7.058823529,13.9144385,NA,2015
Dibrugarh,5.8,14.57878788,97.84848485,2006
Dibrugarh,NA,11.28085106,107.2446809,2007
Dibrugarh,NA,NA,92.66666667,2008
Dibrugarh,NA,12.96162791,77.63953488,2009
Dibrugarh,6.485436893,13.74757282,NA,2010
Dibrugarh,5.807843137,13.03823529,NA,2012
Dibrugarh,6.674418605,15.41860465,NA,2013
Dibrugarh,6.597826087,13.90217391,NA,2014
Dibrugarh,7.530612245,14.87755102,NA,2015
Golaghat,NA,NA,98.10526316,2006
Golaghat,NA,12.266,102.34,2007
Golaghat,NA,11.36976744,108.5581395,2008
Golaghat,5.919767442,14.40930233,100.9883721,2009
Golaghat,5.865853659,15.18292683,NA,2010
Golaghat,6.317204301,13.82043011,NA,2012
Golaghat,6.847058824,16.01176471,NA,2013
Golaghat,6.746987952,14.42168675,NA,2014
Golaghat,NA,13.87628866,NA,2015
Hailakandi,7.024324324,NA,72.27027027,2006
Hailakandi,NA,NA,85.35416667,2007
Hailakandi,5.714754098,12.6442623,104.1147541,2008
Hailakandi,5.891891892,12.93783784,149.972973,2009
Sibsagar,4.9075,NA,90.775,2006
Sibsagar,NA,11.08448276,140.4137931,2007
Sibsagar,5.063157895,12.36140351,119.122807,2008
Sibsagar,NA,NA,148.0823529,2009
Tezpur,NA,NA,108.64,2006
Tezpur,NA,NA,128.5,2007
Tezpur,NA,NA,131.4945055,2008
Tezpur,5.396341463,13.05609756,189.6829268,2009
Tezpur,5.932692308,13.28846154,NA,2010
Tezpur,6.18627451,13.35980392,NA,2012
Tezpur,6.830188679,14.48113208,NA,2013
Tezpur,6.737864078,13.10679612,NA,2014
Tezpur,7.252427184,14.00970874,NA,2015
Silchar,5.574666667,14.45866667,97.93333333,2009
Daranga,5.467391304,14.26086957,NA,2010
Daranga,5.3175,13.24,NA,2012
Daranga,6.1625,14.2875,NA,2013
Daranga,5.681818182,12.87878788,NA,2014
Daranga,NA,NA,NA,2015
Lakhimpur,6.470588235,14.65686275,NA,2010
Lakhimpur,5.766019417,14.22524272,NA,2012
Lakhimpur,6.895238095,15.81904762,NA,2013
Lakhimpur,6.268041237,14.21649485,NA,2014
Lakhimpur,6.552083333,14.17708333,NA,2015
Nagaon,5.902912621,14.09708738,NA,2010
Nagaon,6.214893617,13.32340426,NA,2012
Nagaon,6.868686869,14.96969697,NA,2013
Nagaon,6.784810127,13.21518987,NA,2014
Nagaon,8.407894737,15.23684211,NA,2015
Nalbari,6.731707317,15.80487805,NA,2010
Nalbari,6.039423077,15.09903846,NA,2012
Nalbari,7.336842105,17.02105263,NA,2013
Nalbari,6.747572816,15.09708738,NA,2014
Nalbari,6.228571429,15.4952381,NA,2015
Sivasagar,6.36,13.56,NA,2010
Sivasagar,6.753431373,14.64411765,NA,2012
Sivasagar,6.873239437,14.63615023,NA,2013
Sivasagar,6.148325359,12.58373206,NA,2014
Sivasagar,6.391089109,13.0990099,NA,2015
Silcher,6.805825243,16.78640777,NA,2010
Silcher,5.843783784,14.34054054,NA,2012
Silcher,7.235602094,16.91753927,NA,2013
Silcher,NA,NA,NA,2014
Silcher,6.143617021,13.42553191,NA,2015
Tinsukia,6.330985915,13.53521127,NA,2010
Tinsukia,5.240104167,12.24322917,NA,2012
Tinsukia,6.34939759,13.70481928,NA,2013
Tinsukia,6.358024691,12.86419753,NA,2014
Tinsukia,7.320224719,14.91573034,NA,2015
Margherita,10.45360825,22.63917526,NA,2010
Margherita,6.286458333,14.4875,NA,2012
Margherita,7.327272727,14.87272727,NA,2013
Margherita,11.85882353,23.85882353,NA,2014
Margherita,7.516129032,15.02150538,NA,2015
Sindri,NA,36.725,306.75,1987
Sindri,28.28333333,19.975,277,1988
Sindri,NA,30.79090909,293.1818182,1989
Sindri,25.94166667,42.69166667,316,1990
Sindri,37.85,46.65833333,317.8333333,1991
Sindri,32.76,40.5,244.8,1992
Sindri,30.21818182,52.29090909,NA,1993
Sindri,35.18181818,51.21818182,286.3636364,1994
Sindri,33.60909091,46.05454545,278.0909091,1995
Sindri,42.225,54.99166667,289.3333333,1996
Sindri,40.55,54.70833333,217.6666667,1997
Sindri,64.08333333,59.8,182.0833333,1998
Sindri,69.14166667,45.95833333,175.9166667,1999
Sindri,20.00909091,16.33636364,208.2727273,2000
Sindri,17.85833333,42.33333333,218.5833333,2001
Sindri,NA,NA,188.4444444,2002
Sindri,11.7025641,59.33820513,204.4102564,2004
Sindri,15.88860759,46.36202532,181.7341772,2005
Sindri,19.14666667,51.08,208.0666667,2006
Sindri,NA,NA,178.7419355,2007
Sindri,NA,NA,NA,2008
Sindri,NA,NA,NA,2009
Sindri,NA,NA,NA,2010
Sindri,15.81967213,33.49180328,NA,2011
Sindri,NA,NA,NA,2012
Sindri,NA,NA,NA,2013
Sindri,NA,NA,NA,2014
Sindri,12.31111111,36.97777778,NA,2015
Jharia,31.14285714,43.67142857,507.2857143,1987
Jharia,39.16363636,28.62727273,546.9090909,1988
Jharia,NA,31.55454545,443.0909091,1989
Jharia,26.575,42.675,425.8333333,1990
Jharia,41.7,50.86666667,415.5,1991
Jharia,37.16,43.12,428.6,1992
Jharia,36.66666667,52.86666667,NA,1993
Jharia,41.925,58.49166667,375.1666667,1994
Jharia,40,54.44545455,457.5454545,1995
Jharia,41.2,51.73333333,518.1666667,1996
Jharia,44.85833333,57.06666667,411.5833333,1997
Jharia,73.65,54.29166667,452.1666667,1998
Jharia,79.69166667,50.56666667,459.5,1999
Jharia,22.06666667,17.61666667,364.8333333,2000
Jharia,17.38333333,38.09166667,383.6666667,2001
Jharia,NA,NA,286.5555556,2002
Jharia,13.61604938,67.3762963,NA,2004
Jharia,NA,NA,298.8947368,2005
Jharia,20.25,55.47857143,263.9285714,2006
Jharia,NA,NA,NA,2007
Jharia,NA,NA,NA,2008
Jharia,NA,NA,336.0769231,2009
Jharia,NA,NA,302.3543662,2010
Jharia,15.59615385,39.03846154,NA,2011
Jharia,NA,NA,NA,2012
Jharia,NA,NA,NA,2013
Jharia,NA,NA,NA,2014
Jharia,13.24444444,38.08888889,NA,2015
Dhanbad,NA,22.55714286,166.2857143,1987
Dhanbad,21.30833333,17.775,277.75,1988
Dhanbad,NA,25.26428571,251.2857143,1989
Dhanbad,30.98333333,43.27083333,289.4583333,1990
Dhanbad,41.15416667,47.52916667,361.1666667,1991
Dhanbad,33.56666667,40.26666667,342.4166667,1992
Dhanbad,28.45454545,48.95454545,NA,1993
Dhanbad,36.09166667,47.725,283.6666667,1994
Dhanbad,31.12,39.35,275.6,1995
Dhanbad,37.25,48.85833333,246.6666667,1996
Dhanbad,37.61666667,46.99166667,183.1666667,1997
Dhanbad,67.56666667,57.5,238.4166667,1998
Dhanbad,85.53333333,53.70833333,235.6666667,1999
Dhanbad,17.64166667,19.05833333,277.8333333,2000
Dhanbad,17.42727273,36.94545455,270.0909091,2001
Dhanbad,16.51428571,53.58571429,220.4285714,2002
Dhanbad,11.73580247,57.60790123,216.0864198,2004
Dhanbad,15.76129032,47.00860215,226.0860215,2005
Dhanbad,20.9,55.95,222.3125,2006
Dhanbad,NA,NA,NA,2007
Dhanbad,NA,NA,NA,2008
Dhanbad,NA,NA,NA,2009
Dhanbad,NA,NA,NA,2010
Dhanbad,15.84251969,34.86614173,NA,2011
Dhanbad,NA,NA,NA,2012
Dhanbad,NA,NA,NA,2013
Dhanbad,NA,NA,NA,2014
Dhanbad,NA,NA,NA,2015
Jamshedpur,55.365,29.87,117.95,1990
Jamshedpur,NA,NA,98.7,1991
Jamshedpur,62.98,10.76,139.6,1996
Jamshedpur,40.45416667,50.4875,127.125,1997
Jamshedpur,37.5,48.36428571,182.0714286,1998
Jamshedpur,50.75,57.27272727,212.9090909,1999
Jamshedpur,49.65416667,49.3625,232,2000
Jamshedpur,43.86363636,52.19545455,262,2001
Jamshedpur,42.62083333,56.29166667,234.125,2002
Jamshedpur,41.71428571,53.48979592,314.3316327,2004
Jamshedpur,39.7627027,52.45243243,345.3891892,2005
Jamshedpur,38.55813953,52.22790698,291.5116279,2006
Jamshedpur,38.12371134,51.74690722,NA,2007
Jamshedpur,37.07142857,50.52857143,NA,2008
Jamshedpur,36.26188119,49.30049505,363.8960396,2009
Jamshedpur,35.4,47.60555556,NA,2010
Jamshedpur,35.78089888,47.62359551,NA,2011
Jamshedpur,37.08510638,48.54787234,NA,2012
Jamshedpur,34.65986395,45.20408163,NA,2013
Jamshedpur,35.06451613,44.85483871,NA,2015
Patna,12.37272727,17.92727273,230.9090909,1991
Patna,19.93636364,29.66363636,118.9090909,1992
Patna,11.26666667,16.675,NA,1993
Patna,12.05833333,25.675,221.25,1994
Patna,18.3375,22.925,368.1875,1995
Patna,20.11666667,26.65,408.0555556,1996
Patna,20.46086957,24.06956522,397.3043478,1997
Patna,17.10833333,20.725,356.2916667,1998
Patna,12.88636364,15.56818182,348.5454545,1999
Patna,13.5,16.4375,334.75,2000
Patna,13.06666667,15.32083333,337.5833333,2001
Patna,12.88333333,15.49166667,315.625,2002
Patna,11.54271357,24.92964824,156.0050251,2004
Patna,12.27910448,NA,266.9701493,2005
Patna,NA,NA,NA,2006
Patna,NA,NA,294.8648649,2007
Patna,NA,NA,300.7122302,2008
Patna,NA,NA,NA,2009
Patna,NA,NA,NA,2010
Patna,NA,NA,NA,2011
Patna,NA,NA,NA,2012
Chandigarh,8.386666667,26.36666667,NA,1989
Chandigarh,6.829411765,11.35294118,225.1470588,1990
Chandigarh,NA,NA,260.173913,1991
Chandigarh,NA,NA,415.4444444,1992
Chandigarh,13.31111111,33.18333333,NA,1993
Chandigarh,6.678571429,21.65357143,172.1785714,1994
Chandigarh,10.42307692,30.74615385,208.0769231,1995
Chandigarh,6.941666667,18.39583333,175.4583333,1996
Chandigarh,6.575,4.754166667,225.8333333,1997
Chandigarh,5.25,8.745833333,278.5,1998
Chandigarh,NA,NA,225.3333333,1999
Chandigarh,NA,NA,225.3333333,2000
Chandigarh,NA,NA,247.0833333,2001
Chandigarh,NA,NA,296.375,2002
Chandigarh,6.128113879,30.43772242,206.7686833,2004
Chandigarh,NA,NA,NA,2005
Chandigarh,NA,NA,NA,2006
Chandigarh,NA,NA,219.4626667,2007
Chandigarh,NA,NA,198.0732984,2008
Chandigarh,NA,NA,NA,2009
Chandigarh,NA,15.69571046,NA,2010
Chandigarh,NA,NA,NA,2011
Chandigarh,NA,NA,NA,2012
Chandigarh,NA,NA,NA,2013
Chandigarh,NA,NA,NA,2014
Chandigarh,2,25.43068641,NA,2015
Korba,10.33571429,5.7,NA,1993
Korba,9.4,8.488888889,NA,1994
Korba,NA,NA,154.7894737,1997
Korba,NA,NA,140.8571429,1998
Korba,13.83,18.9,139.5,1999
Korba,13.49583333,18.62083333,82.375,2000
Korba,NA,NA,100.375,2001
Korba,NA,NA,111.0869565,2002
Korba,NA,NA,NA,2004
Korba,12.91198502,20.38426966,181.588015,2005
Korba,13.20035211,20.83239437,NA,2006
Korba,NA,NA,NA,2007
Korba,NA,NA,NA,2008
Korba,NA,NA,NA,2009
Korba,12.87412587,NA,NA,2010
Korba,12.49458484,20.30685921,NA,2011
Korba,11.93560606,NA,NA,2012
Korba,NA,NA,NA,2013
Korba,12.44278607,19.07960199,NA,2014
Korba,11.8707483,18.23809524,NA,2015
Korba,12.53333333,6.716666667,198.3333333,1992
Korba,8.3,14.9,257,1995
Korba,NA,NA,321.5833333,1996
Bhilai Nagar,NA,25.59396985,224.1859296,2005
Bhilai Nagar,NA,25.1291498,206.8906883,2006
Bhilai Nagar,NA,NA,NA,2007
Bhilai Nagar,NA,NA,NA,2008
Bhilai Nagar,NA,NA,NA,2009
Raipur,11.08831776,36.12850467,309.9906542,2005
Raipur,NA,NA,252.5265306,2006
Raipur,NA,NA,NA,2007
Raipur,NA,NA,NA,2008
Raipur,NA,NA,NA,2009
Raipur,NA,NA,NA,2010
Raipur,NA,NA,NA,2011
Raipur,12.73684211,36.89473684,NA,2012
Raipur,NA,NA,NA,2013
Raipur,NA,NA,NA,2014
Raipur,NA,NA,NA,2015
Raipur,92.76666667,36.9,144.6666667,1992
Raipur,NA,19.59375,NA,1993
Raipur,15.41666667,NA,NA,1994
Raipur,18.2,26.85,412.5,1995
Raipur,16.44583333,24.5375,243.5833333,1996
Raipur,8.820833333,25.68333333,168.7916667,1997
Raipur,9.341666667,32.48333333,260.7916667,1998
Raipur,9.45,36.22,311.7,1999
Raipur,10.425,37.45833333,152.875,2000
Raipur,9.65,39.125,188.0416667,2001
Raipur,8.620833333,36.41666667,303.25,2002
Bhilai,NA,NA,NA,2010
Bhilai,8.874647887,22.39940141,NA,2011
Bhilai,NA,NA,NA,2012
Bhilai,NA,NA,NA,2013
Bhilai,NA,NA,NA,2014
Bhilai,NA,22.55905512,NA,2015
Bhilai,21.45217391,28.53913043,286.173913,1989
Bhilai,NA,23.61,305.1,1990
Bhilai,NA,28.85714286,239.8571429,1991
Bhilai,NA,NA,144.16,1992
Bhilai,NA,24.38181818,NA,1993
Bhilai,NA,24.58571429,NA,1994
Bhilai,NA,33.525,266.75,1995
Bhilai,13.9,32.6,202.7727273,1996
Bhilai,NA,33.97916667,135.7916667,1997
Bhilai,NA,31.5,201.875,1998
Bhilai,NA,33.19,258.8,1999
Bhilai,14.40833333,31.075,84.83333333,2000
Bhilai,15.13181818,30.03636364,145.0909091,2001
Bhilai,NA,NA,171.35,2002
Bilaspur,NA,NA,NA,2013
Bilaspur,NA,21.23809524,NA,2014
Bilaspur,6.074074074,21.69135802,NA,2015
Daman,5.114285714,6.357142857,83.57142857,1992
Daman,NA,NA,96,1993
Daman,NA,NA,100.5833333,1994
Daman,5.4,7.6,107.3333333,1995
Daman,12.3,18.43125,216.75,2007
Daman,9.779126214,17.07184466,211.4417476,2008
Daman,7.273134328,18.83731343,222.641791,2009
Daman,7.177083333,17.65625,NA,2010
Daman,7.490990991,19.61171171,39.35135135,2011
Daman,7.628947368,20.14736842,NA,2012
Daman,14.45454545,24.95454545,NA,2015
Silvassa,10.64117647,18.88823529,208.5294118,2007
Silvassa,9.852884615,17.32451923,191.0721154,2008
Silvassa,8.589855072,17.31884058,312.942029,2009
Khadoli,7.138297872,17.61702128,NA,2010
Khadoli,7.592783505,19.35463918,42.3814433,2011
Khadoli,7.618666667,20.18133333,NA,2012
Khadoli,15.88372093,26.90697674,NA,2015
Daman Diu & Nagar,NA,7.82,89.6,1989
Daman Diu & Nagar,4.147222222,4.441666667,95.69444444,1990
Daman Diu & Nagar,4.042424242,5.26969697,92.06060606,1991
Daman Diu & Nagar,8.5,7.834482759,105.3448276,1992
Daman Diu & Nagar,8.019230769,8.376923077,NA,1993
Daman Diu & Nagar,4.428571429,5.9,105,1994
Daman Diu & Nagar,3.8,4.1,97.33333333,1995
Delhi,NA,18.7,548.875,1987
Delhi,NA,NA,NA,1988
Delhi,15.08367347,28.02040816,368.1326531,1990
Delhi,19.72380952,33.39619048,NA,1991
Delhi,20.52777778,31.54444444,NA,1992
Delhi,18.67263158,32.17789474,NA,1993
Delhi,24.86,41.22352941,435.7764706,1994
Delhi,23.11759259,47,NA,1995
Delhi,NA,NA,397.6761905,1996
Delhi,16.43703704,34.01666667,343.5277778,1997
Delhi,15.62857143,33.74190476,378.1619048,1998
Delhi,17.33425926,35.78333333,363.5555556,1999
Delhi,15.08981481,39.93796296,NA,2000
Delhi,12.91212121,39.01414141,NA,2001
Delhi,NA,NA,NA,2002
Delhi,NA,NA,NA,2003
Delhi,NA,NA,NA,2004
Delhi,NA,NA,NA,2005
Delhi,NA,NA,NA,2006
Delhi,NA,NA,NA,2007
Delhi,NA,NA,NA,2008
Delhi,NA,NA,NA,2009
Delhi,NA,NA,NA,2011
Delhi,7.444444444,81.68402778,NA,2012
Delhi,4.487084871,89.73431734,NA,2013
Delhi,5.137174211,63.49245542,NA,2014
Delhi,NA,NA,NA,2015
Ponda,NA,6.833333333,57.33333333,1987
Ponda,4.933333333,15.03333333,90.33333333,1988
Ponda,NA,NA,NA,2013
Ponda,3.912621359,8.611650485,NA,2015
Vasco,NA,11.3,NA,1987
Vasco,5.016666667,15.71666667,163,1988
Vasco,4.390909091,12.57272727,144.4545455,1989
Vasco,6.283333333,9.55,125.6666667,1990
Vasco,6.541666667,NA,114.25,1991
Vasco,NA,NA,55.63636364,1992
Vasco,NA,10.26071429,156.0928571,2004
Vasco,NA,NA,NA,2005
Vasco,NA,NA,161.3301887,2006
Vasco,NA,NA,144.1730769,2007
Vasco,NA,16.61111111,132.7777778,2008
Vasco,NA,NA,176.7959184,2009
Vasco,NA,NA,NA,2010
Vasco,4.158823529,18.62352941,NA,2011
Vasco,7.176470588,19.85294118,NA,2012
Vasco,NA,NA,NA,2013
Vasco,3.388059701,7.507462687,NA,2014
Vasco,NA,NA,NA,2015
Panjim,16.2,32.8,NA,1993
Panjim,25.2125,NA,NA,1994
Panjim,81.1,30.1,231,1995
Panjim,65.56666667,24.30833333,192.8333333,1996
Panjim,74.8,26.01666667,125,1997
Panjim,55.9,26.86666667,169.0833333,1998
Panjim,28.36,21.48,248.6,1999
Panjim,50.61666667,29.14166667,91.08333333,2000
Panjim,46.02727273,32.94545455,NA,2001
Panjim,28.2,37.775,NA,2002
Panjim,0,0,0,2003
Panaji,2.439805825,11.47961165,130.5436893,2004
Panaji,NA,NA,104.8235294,2005
Panaji,NA,NA,NA,2006
Panaji,NA,NA,105.3267327,2007
Panaji,NA,16.74,180.4,2008
Panaji,NA,NA,141.3142857,2009
Panaji,NA,NA,NA,2010
Panaji,NA,NA,NA,2011
Panaji,5.314285714,15.11428571,NA,2012
Panaji,NA,NA,NA,2013
Panaji,3.048780488,7.56097561,NA,2014
Panaji,NA,NA,NA,2015
Mormugao,NA,NA,83,2006
Mormugao,NA,NA,NA,2007
Mormugao,NA,12.85555556,177.4444444,2008
Mormugao,NA,NA,145.24,2009
Amona,10.62365591,16.34408602,29.14645161,2011
Amona,NA,NA,22.84116505,2013
Amona,3.951456311,8.601941748,NA,2015
Assanora,NA,NA,31.33234043,2011
Assanora,NA,NA,22.22564356,2013
Assanora,3.902912621,8.699029126,NA,2015
Bicholim,9.904255319,16.11702128,35.29521277,2011
Bicholim,NA,NA,23.80865385,2013
Bicholim,3.854368932,8.72815534,NA,2015
Codli,9.894736842,16.13684211,29.00778947,2011
Codli,NA,NA,20.54407767,2013
Codli,3.766990291,8.495145631,NA,2015
Curchorem,6.582524272,NA,NA,2011
Curchorem,NA,NA,26.31168317,2013
Curchorem,3.834951456,8.786407767,NA,2015
Honda,11.69791667,17.57291667,39.23875,2011
Honda,NA,NA,23.51594059,2013
Honda,3.844660194,8.59223301,NA,2015
Usgao,15.02,15.17,53.3555,2011
Usgao,NA,NA,23.4038835,2013
Usgao,3.81372549,8.568627451,NA,2015
Kundaim,NA,NA,22.75576923,2013
Kundaim,3.970873786,9.485436893,NA,2015
Mapusa,10.31,12.47,NA,2013
Mapusa,7.019047619,NA,NA,2015
Margao,NA,NA,24.02692308,2013
Margao,3.990291262,8.796116505,NA,2015
Sanguem,NA,NA,23.01,2013
Sanguem,3.834951456,8.611650485,NA,2015
Tilamol,NA,NA,NA,2013
Tilamol,4,8.805825243,NA,2015
Cuncolim,3.883495146,8.631067961,NA,2015
Baroda,18.70847458,29.56440678,235.3050847,1987
Baroda,17.01166667,31.58,258.25,1988
Baroda,19.88571429,15.0375,321.8035714,1989
Baroda,9.505454545,13.03272727,295.2181818,1990
Baroda,13.82666667,20.27777778,351.3777778,1991
Baroda,16.33333333,30.80952381,280.3333333,1992
Baroda,26.23333333,20.58055556,NA,1993
Baroda,47.51666667,18.67222222,334.1111111,1994
Baroda,69.16944444,18.90833333,276.9166667,1995
Baroda,67.81111111,18.18888889,234.1388889,1996
Baroda,38.81111111,11.87777778,294.7777778,1997
Baroda,43.18333333,90.4,NA,1999
Baroda,21.52,26.74666667,272.8666667,2002
Baroda,18.91346154,29.04807692,273.1875,2004
Surat,13.26666667,15.98333333,310.0833333,1987
Surat,20.43333333,33.35454545,283.1818182,1988
Surat,23.7475,36.1,225.85,1989
Surat,25.24791667,39.50833333,231.25,1990
Surat,19.84864865,23.25405405,282.4594595,1991
Surat,25.70769231,57.63846154,196.6410256,1992
Surat,53.05333333,34.96,NA,1993
Surat,44.58611111,14.51666667,512.5,1994
Surat,85.45277778,31.36666667,275.8333333,1995
Surat,51.46666667,18.13611111,248.25,1996
Surat,34.45555556,12.08888889,257.1111111,1997
Surat,33.51333333,41.38666667,270.4,1999
Surat,20.06428571,25.96428571,209.7857143,2002
Surat,22.2926045,30.57877814,157.5401929,2004
Surat,20.43261649,25.99749104,187.0071685,2005
Surat,23.43729508,30.42704918,169.4918033,2006
Surat,19.59235669,27.42547771,182.8566879,2007
Surat,17.27806452,24.22129032,172.7,2008
Surat,18.64705882,NA,182.8408304,2009
Surat,16.5621118,24.06521739,NA,2010
Surat,16.99358974,26.17948718,NA,2011
Surat,18.1969697,27.82575758,NA,2012
Surat,12.76029963,19.69662921,NA,2013
Surat,14.53431373,19.7254902,NA,2014
Surat,13.70833333,20.26388889,NA,2015
Ahmedabad,26.47115385,41.41346154,295.4230769,1989
Ahmedabad,NA,NA,NA,1990
Ahmedabad,24.05697674,26.75,NA,1991
Ahmedabad,17.77833333,30.10666667,NA,1992
Ahmedabad,20.41388889,17.67361111,NA,1993
Ahmedabad,25.48833333,21.33666667,268.3333333,1994
Ahmedabad,28.39444444,17.63333333,227.0277778,1995
Ahmedabad,22.87428571,14.89571429,246.6714286,1996
Ahmedabad,16.71111111,20.25333333,235.8444444,1997
Ahmedabad,11.83055556,32.67222222,317.3333333,1998
Ahmedabad,12.31944444,32.88888889,349.1111111,1999
Ahmedabad,8.475,28.72777778,392.8888889,2000
Ahmedabad,10.29444444,39.37222222,358.5277778,2001
Ahmedabad,10.8745098,34.40588235,237.5294118,2002
Ahmedabad,16.52057692,24.88211538,255.2755769,2004
Ahmedabad,13.06345291,26.08340807,NA,2005
Ahmedabad,NA,NA,NA,2006
Ahmedabad,NA,NA,219.3218589,2007
Ahmedabad,NA,NA,NA,2008
Ahmedabad,NA,NA,211.0176367,2009
Ahmedabad,15.48392283,20.74276527,NA,2010
Ahmedabad,NA,NA,NA,2011
Ahmedabad,11.94488189,23.44094488,NA,2012
Ahmedabad,12.28780488,17.0902439,26.29268293,2013
Ahmedabad,13.44152156,19.7336194,NA,2014
Ahmedabad,13.23043478,20.84782609,NA,2015
Vapi,39.76153846,29.11538462,273.9230769,1991
Vapi,NA,NA,172.3,1992
Vapi,NA,NA,NA,1993
Vapi,24.025,31.825,173.55,1994
Vapi,39.5375,38.5375,123.4583333,1995
Vapi,52.99166667,39.99166667,171.875,1996
Vapi,40,42.56666667,314.1666667,1997
Vapi,66.99,39.05,316.7,1999
Vapi,24.85,36.83,231.9,2002
Vapi,21.80336538,33.02745192,172.4807692,2004
Vapi,25.01666667,39.62795699,193.2096774,2005
Vapi,23.26149068,31.69937888,155.5403727,2006
Vapi,22.17725118,29.52890995,143.1137441,2007
Vapi,16.54881517,23.28767773,157.3649289,2008
Vapi,16.2188172,23.70322581,157.1129032,2009
Vapi,15.53365385,23.64423077,NA,2010
Vapi,16.03846154,24.84615385,NA,2011
Vapi,19.47727273,30.01136364,NA,2012
Vapi,12.93877551,20.01071429,28.79591837,2013
Vapi,14.48062016,20.01550388,NA,2014
Vapi,13.39583333,20.52083333,NA,2015
Ankleshwar,31.28333333,20.16666667,NA,1993
Ankleshwar,77.975,32.8625,360.5416667,1994
Ankleshwar,87.07916667,25.87083333,328.5833333,1995
Ankleshwar,87.975,34.32083333,183.2083333,1996
Ankleshwar,25.71666667,16.73333333,159.8333333,1997
Ankleshwar,51.7125,41.5375,261.75,1999
Ankleshwar,18.46,26.46,183.1,2002
Ankleshwar,23.31372549,30.18627451,158.4852941,2004
Ankleshwar,16.5,23.78846154,NA,2010
Ankleshwar,16.24519231,25.61538462,NA,2011
Ankleshwar,18.04545455,27.34090909,NA,2012
Ankleshwar,13.86904762,20.60119048,26.30952381,2013
Ankleshwar,15.20792079,21.42079208,NA,2014
Ankleshwar,15.02083333,21.375,NA,2015
Rajkot,18.97272727,5.809090909,NA,1993
Rajkot,21.97727273,7.713636364,538.7272727,1994
Rajkot,15.40416667,8.483333333,575.4583333,1995
Rajkot,18.955,13.005,664.65,1996
Rajkot,27.95,21.15,815.5,1997
Rajkot,39.95,75.95,385,1999
Rajkot,13.525,29.575,406.75,2002
Rajkot,11.88571429,25.19047619,347.8095238,2004
Rajkot,10.48372093,21.2372093,286.1937984,2005
Rajkot,11.52874251,18.21497006,195.1077844,2006
Rajkot,NA,NA,183.005102,2007
Rajkot,10.52961165,14.27621359,191.5873786,2008
Rajkot,NA,NA,191.5706806,2009
Rajkot,12.70673077,16.95192308,NA,2010
Rajkot,13.35576923,17.91346154,NA,2011
Rajkot,13.65909091,18.61363636,NA,2012
Rajkot,11.64285714,16.80519481,28.11688312,2013
Rajkot,13.03418803,18.97435897,NA,2014
Rajkot,13.04166667,19.52083333,NA,2015
Bharuch,3.575,35.15,NA,1993
Bharuch,5.370588235,25.86470588,NA,1994
Bharuch,5.65,11.4,183,1995
Bharuch,NA,NA,159.125,1996
Bharuch,NA,14.7875,102.7916667,1997
Bharuch,NA,17.13333333,159.5416667,1998
Bharuch,NA,NA,151.5,1999
Bharuch,NA,19.65416667,81.5,2000
Bharuch,NA,17.88181818,NA,2001
Bharuch,5.983333333,14.54583333,NA,2002
Bharuch,0,0,0.061538462,2003
Bharuch,13.41666667,20.79166667,NA,2015
Jamnagar,12.86,26.98,335.2,2002
Jamnagar,9.823809524,21.89904762,NA,2004
Jamnagar,9.495833333,21.91770833,232.0833333,2005
Jamnagar,11.19166667,23.29166667,168.6547619,2006
Jamnagar,NA,NA,188.7019231,2007
Jamnagar,9.768269231,26.45865385,174.7403846,2008
Jamnagar,13.61340206,27.49896907,193.6907216,2009
Jamnagar,12.48076923,26.93269231,NA,2010
Jamnagar,11.75,24.97115385,NA,2011
Jamnagar,11.70454545,24.72727273,NA,2012
Jamnagar,11.79220779,19.1038961,27.54545455,2013
Jamnagar,14.9420398,20.55223881,NA,2014
Jamnagar,12.95833333,19.875,NA,2015
Vadodara,11.17307692,18.88461538,169.4903846,2004
Vadodara,NA,28.47213115,NA,2005
Vadodara,NA,NA,NA,2006
Vadodara,NA,NA,237.7635783,2007
Vadodara,13.714377,28.43003195,176.4121406,2008
Vadodara,15.9461794,30.06079734,196.9966777,2009
Vadodara,16.56597222,28.70833333,NA,2010
Vadodara,NA,NA,NA,2011
Vadodara,15.83035714,31.38392857,NA,2012
Vadodara,NA,NA,36.58130081,2013
Vadodara,14.985,20.65,NA,2014
Vadodara,NA,NA,NA,2015
Anklesvar,22.00053476,28.65775401,192.8609626,2005
Anklesvar,23.77365269,30.88622754,169.2634731,2006
Anklesvar,21.90048077,29.10528846,195.2884615,2007
Anklesvar,NA,NA,184.0761905,2008
Anklesvar,19.29020619,26.64175258,178.5154639,2009
ANKLESHWAR,18.94011976,22.89820359,NA,2015
VAPI,12.58333333,19.70833333,NA,2015
Bhuj,13.375,20.70833333,NA,2015
MORBI,13.7173913,20.65217391,NA,2015
SANAND,14.04347826,21.30434783,NA,2015
Sarigam,14,21.04166667,NA,2015
Faridabad,43.41818182,NA,NA,1987
Faridabad,33.2125,11.87083333,NA,1988
Faridabad,30.38095238,11.84285714,272.3333333,1989
Faridabad,30.75833333,10.2,309.4166667,1990
Faridabad,33.75714286,9.771428571,249.9285714,1991
Faridabad,38.14166667,9.766666667,287.0833333,1992
Faridabad,39.25,13.26666667,NA,1993
Faridabad,37.02307692,13.62307692,303.6153846,1994
Faridabad,37.03333333,13.71666667,312.875,1995
Faridabad,34.83636364,12.96363636,307.7272727,1996
Faridabad,37.9,14.66666667,404.8333333,1997
Faridabad,34.62727273,13.04545455,371.1818182,1998
Faridabad,34.36666667,12.03333333,416.4444444,1999
Faridabad,36.8,11.25,427.1666667,2000
Faridabad,23.19583333,15.12916667,330.9583333,2001
Faridabad,12.925,26.56666667,463.0833333,2002
Faridabad,8.459111111,22.90844444,273.28,2004
Faridabad,9.1,21.48115942,354.2995169,2005
Faridabad,9.84965035,21.51818182,NA,2006
Faridabad,17.43568465,28.23236515,NA,2010
Faridabad,20.0995671,42.77056277,NA,2011
Faridabad,11.69072165,37.8814433,NA,2012
Faridabad,12.42,26.34,NA,2013
Faridabad,13.50259067,25.1761658,NA,2014
Faridabad,15.29487179,72.85897436,NA,2015
Yamuna Nagar,NA,NA,277,1991
Yamuna Nagar,25.38181818,4.936363636,NA,1992
Yamuna Nagar,27.2,8.541666667,NA,1993
Yamuna Nagar,29.51666667,15.63333333,NA,1994
Yamuna Nagar,34.62,23.12,NA,1995
Yamuna Nagar,30.86363636,18.48181818,NA,1996
Yamuna Nagar,27.65454545,17.82727273,141.9090909,1997
Yamuna Nagar,31.95454545,23.13636364,232.4545455,1998
Yamuna Nagar,NA,NA,196,1999
Yamuna Nagar,18.58,9.31,215.9,2000
Yamuna Nagar,22.15833333,12.075,277.5833333,2001
Yamuna Nagar,28.99166667,16.975,367.3333333,2002
Yamuna Nagar,29.25806452,20.20645161,144.1129032,2004
Yamuna Nagar,12.51923077,26.36538462,361.1346154,2010
Yamuna Nagar,11.17021277,26.55319149,NA,2011
Yamuna Nagar,10.23076923,22.69230769,NA,2013
Yamuna Nagar,10.81818182,19.51515152,NA,2014
Dharuhera,37.8,32.1,339,1994
Hisar,NA,NA,NA,2005
Hisar,NA,NA,206.3473684,2006
Hisar,NA,NA,NA,2007
Hisar,NA,NA,NA,2008
Hisar,7.481012658,7.987341772,NA,2010
Hisar,5.314814815,6.802469136,NA,2011
Hisar,5.75257732,7.81443299,NA,2012
Yamunanagar,NA,NA,219.4761905,2005
Yamunanagar,NA,NA,NA,2006
Yamunanagar,NA,NA,NA,2007
Yamunanagar,NA,NA,NA,2008
Yamunanagar,NA,NA,NA,2009
Shimla,NA,NA,227.625,1987
Shimla,NA,NA,265.125,1988
Shimla,2.55,16.60454545,259,1989
Shimla,3.308333333,17.59583333,204.9583333,1990
Shimla,NA,12.7,177.25,1991
Shimla,NA,10.195,142.5,1992
Shimla,3.955,11.285,140.75,1995
Shimla,2.908333333,10.35416667,106.2083333,1996
Shimla,6.245833333,13.85833333,NA,1997
Shimla,2.6375,9.658333333,97.25,1998
Shimla,3.254166667,7.779166667,54.91666667,1999
Shimla,2.695833333,7.941666667,21.20833333,2000
Shimla,3.491666667,13.0875,NA,2001
Shimla,4.891666667,18.16666667,NA,2002
Shimla,4.531986532,14.76094276,55.4983165,2004
Shimla,NA,NA,NA,2005
Shimla,NA,NA,NA,2006
Shimla,NA,NA,NA,2007
Shimla,NA,NA,NA,2008
Shimla,NA,NA,NA,2009
Shimla,NA,NA,NA,2010
Shimla,NA,NA,NA,2011
Shimla,NA,NA,NA,2012
Shimla,NA,NA,NA,2013
Shimla,NA,NA,NA,2014
Shimla,NA,NA,NA,2015
Paonta Sahib,NA,13.37,196,1990
Paonta Sahib,NA,8.086363636,210.5,1991
Paonta Sahib,NA,8.235,216.65,1992
Paonta Sahib,NA,7.905,225.2,1995
Paonta Sahib,0.1375,7.991666667,270.375,1996
Paonta Sahib,NA,NA,NA,1997
Paonta Sahib,NA,7.091666667,222.4583333,1998
Paonta Sahib,NA,6.679166667,158.9166667,1999
Paonta Sahib,NA,NA,NA,2000
Paonta Sahib,2,8.15,NA,2001
Paonta Sahib,1.95,8.475,165.4166667,2002
Paonta Sahib,1.854092527,8.384341637,NA,2004
Paonta Sahib,NA,NA,NA,2005
Paonta Sahib,NA,NA,NA,2006
Paonta Sahib,NA,NA,NA,2007
Paonta Sahib,NA,NA,NA,2008
Paonta Sahib,NA,NA,NA,2009
Paonta Sahib,NA,NA,NA,2010
Paonta Sahib,NA,NA,NA,2011
Paonta Sahib,NA,NA,NA,2012
Paonta Sahib,NA,NA,NA,2013
Paonta Sahib,NA,NA,NA,2014
Paonta Sahib,NA,NA,NA,2015
Parwanoo,NA,11.105,205,1990
Parwanoo,NA,42.37916667,223.1666667,1991
Parwanoo,NA,22.12727273,226.5,1992
Parwanoo,NA,11.78,224.5,1995
Parwanoo,0.445833333,17.6,183.6666667,1996
Parwanoo,NA,14.23333333,NA,1997
Parwanoo,NA,10.66315789,180.4210526,1998
Parwanoo,NA,16.3875,264.5,1999
Parwanoo,1.658333333,10.075,199.75,2000
Parwanoo,4.066666667,14.76666667,NA,2001
Parwanoo,3.516666667,14.85416667,NA,2002
Parwanoo,NA,11.18791946,207.3422819,2004
Parwanoo,NA,19.07204301,166.4946237,2005
Parwanoo,NA,NA,NA,2006
Parwanoo,NA,NA,NA,2007
Parwanoo,NA,NA,NA,2008
Parwanoo,NA,NA,NA,2009
Parwanoo,NA,NA,NA,2010
Parwanoo,NA,NA,NA,2011
Parwanoo,2.043624161,7.724832215,NA,2012
Parwanoo,NA,NA,NA,2013
Parwanoo,NA,NA,NA,2014
Parwanoo,NA,NA,NA,2015
Damtal,NA,NA,243.8571429,1995
Damtal,0.083333333,9.575,139.7083333,1996
Damtal,NA,10.44545455,NA,1997
Damtal,2.995454545,10.73636364,149.6818182,1998
Damtal,0.329166667,4.445833333,175.4583333,1999
Damtal,0.329166667,2.4625,163.25,2000
Damtal,3.279166667,15.10416667,NA,2001
Damtal,3.675,16.9875,158.0416667,2002
Damtal,NA,16.56293706,169.7692308,2004
Damtal,NA,NA,183.3380282,2005
Damtal,NA,NA,186.8686869,2006
Damtal,NA,NA,NA,2007
Damtal,NA,NA,127.2585366,2008
Damtal,NA,18.58191489,151.2765957,2009
Damtal,NA,NA,NA,2010
Damtal,NA,NA,NA,2011
Damtal,NA,NA,NA,2012
Damtal,NA,NA,NA,2013
Damtal,NA,NA,NA,2014
Damtal,NA,NA,NA,2015
Baddi,NA,NA,275.4677419,2005
Baddi,NA,NA,NA,2006
Baddi,NA,NA,NA,2007
Baddi,NA,NA,NA,2008
Baddi,NA,NA,NA,2009
Baddi,NA,NA,NA,2010
Baddi,NA,NA,NA,2011
Baddi,NA,NA,NA,2012
Baddi,NA,NA,NA,2013
Baddi,NA,NA,NA,2014
Baddi,NA,NA,NA,2015
Nahan,NA,NA,NA,2006
Nahan,NA,NA,274.7980769,2007
Nahan,NA,NA,298.3205128,2008
Nahan,NA,NA,256.0382166,2009
Nalagarh,NA,NA,164.1818182,2008
Nalagarh,NA,NA,NA,2009
Nalagarh,NA,NA,NA,2010
Nalagarh,NA,NA,NA,2011
Nalagarh,NA,NA,NA,2012
Nalagarh,NA,NA,NA,2013
Nalagarh,1.595041322,30.14876033,NA,2014
Nalagarh,NA,NA,NA,2015
Kala Amb,NA,NA,NA,2010
Kala Amb,2.974193548,15.99032258,NA,2011
Kala Amb,NA,NA,NA,2013
Kala Amb,NA,NA,NA,2014
Kala Amb,NA,NA,NA,2015
Manali,NA,NA,NA,2011
Manali,NA,NA,NA,2013
Manali,NA,NA,NA,2014
Manali,NA,NA,NA,2015
Sunder Nagar,NA,NA,NA,2011
Sunder Nagar,NA,NA,NA,2012
Sunder Nagar,NA,NA,NA,2013
Sunder Nagar,NA,NA,NA,2014
Sunder Nagar,NA,11.33064516,NA,2015
Una,NA,NA,NA,2011
Una,NA,NA,NA,2012
Una,NA,NA,NA,2013
Una,NA,NA,NA,2014
Una,NA,NA,NA,2015
Dharamshala,NA,NA,NA,2015
Jammu,8.430526316,11.99052632,196.2210526,2009
Jammu,6.444444444,14.30666667,NA,2010
Jammu,5.301587302,NA,NA,2011
Jammu,NA,NA,NA,2012
Jammu,NA,NA,NA,2013
Jammu,5.38121547,12.64088398,NA,2014
Jammu,NA,NA,NA,2015
Ranchi,16.12666667,NA,216.2666667,2004
Ranchi,18.52857143,29.77142857,167.2857143,2005
Ranchi,NA,NA,NA,2007
Ranchi,NA,NA,NA,2008
Ranchi,NA,NA,NA,2009
Ranchi,19.48039216,35,NA,2010
Ranchi,17.63809524,34.77142857,NA,2011
Ranchi,18.48351648,34.62637363,NA,2012
Ranchi,18.73529,36.10294,NA,2013
Ranchi,17.72,34.04,NA,2014
Ranchi,19.01724,36.12069,NA,2015
West Singhbhum,20.91667,31.80952,NA,2010
West Singhbhum,23.7027,34.40541,NA,2011
West Singhbhum,17.63333,23.1,NA,2015
Saraikela Kharsawan,35.10588,45.49412,NA,2010
Saraikela Kharsawan,35.78125,45.21875,NA,2015
Mysore,NA,NA,NA,1987
Mysore,22.55429,9.871429,NA,1988
Mysore,11.2875,11.39687,89.5,1989
Mysore,20.3125,10.22813,134.375,1990
Mysore,14.08387,18.89032,102.6774,1991
Mysore,18.96667,27.25,88,1992
Mysore,24.04167,28.6,NA,1993
Mysore,25.54583,26.275,105.2083,1994
Mysore,NA,NA,NA,1995
Mysore,35.4,31.94583,105.8333,1996
Mysore,32.39091,30.04545,106.3636,1997
Mysore,31.29583,27.0125,87.54167,1998
Mysore,31.06364,27.11364,105.3636,1999
Mysore,30.89583,27.45417,98.79167,2000
Mysore,22.71,30.87,100.8,2001
Mysore,20.3,27.58333,13.5,2002
Mysore,10.46759,19.83796,80.52315,2004
Mysore,20.67059,NA,80.01176,2005
Mysore,17.35078,25.69275,86.99482,2006
Mysore,NA,NA,80.92093,2007
Mysore,NA,NA,95.33,2008
Mysore,14.46381,29.74,94.1619,2009
Mysore,12.19626,21.92991,NA,2011
Mysore,11.29798,22.57071,NA,2012
Mysore,10.76847,22.60099,NA,2013
Mysore,11.78261,22.93237,NA,2014
Mysore,10.8,22.70952,NA,2015
Bangalore,30.11,14.66,262.9,1988
Bangalore,NA,14.42909,139.3636,1989
Bangalore,NA,NA,NA,1990
Bangalore,19.42,11.63667,89.03333,1991
Bangalore,NA,NA,NA,1992
Bangalore,NA,NA,NA,1995
Bangalore,20.45714,24.95,147.9286,1996
Bangalore,NA,NA,176.4722,1997
Bangalore,37.18889,24.85278,170.75,1998
Bangalore,37.39167,26.94722,147.4722,1999
Bangalore,20.29714,41.16286,150.6286,2000
Bangalore,19.76944,23.09722,NA,2001
Bangalore,13.25278,25.325,109.2778,2002
Bangalore,7.941504,53.31476,158.4708,2004
Bangalore,NA,NA,138.5818,2005
Bangalore,NA,NA,NA,2006
Bangalore,NA,NA,NA,2007
Bangalore,14.99801,40.5897,264.4003,2008
Bangalore,15.42538,39.28221,298.5813,2009
Bangalore,15.08573,28.91673,NA,2011
Bangalore,13.86331,28.33877,NA,2012
Bangalore,13.60059,28.22614,NA,2013
Bangalore,NA,NA,NA,2014
Bangalore,NA,13.22567,77.57501,Bangalore
Bangalore,5.110803,20.90443,NA,2015
Belgaum,NA,NA,32.83636,2005
Belgaum,NA,NA,58.46591,2006
Belgaum,NA,16.31525,89.18644,2007
Belgaum,NA,13.748,71.62,2008
Belgaum,NA,14.67308,67.82051,2009
Belgaum,2,14.33684,NA,2011
Belgaum,2,18.96386,NA,2013
Belgaum,2,8.535714,NA,2014
Belgaum,2.014493,15.13043,NA,2015
Gulbarga,7.2,23.5,366,2005
Gulbarga,NA,12.77423,186.3196,2006
Gulbarga,NA,13.64857,217.581,2007
Gulbarga,NA,13.6117,210.2021,2008
Gulbarga,NA,13.58958,188.6875,2009
Gulbarga,3.626866,12,NA,2011
Gulbarga,3.132353,11.17647,NA,2012
Gulbarga,2.829268,13.7439,NA,2013
Gulbarga,4.730769,11.82051,NA,2014
Gulbarga,NA,NA,NA,2015
Hassan,5.9,25.65224,281.403,2005
Hassan,5.525714,22.70857,161.4095,2006
Hassan,4.240187,19.26355,128.6822,2007
Hassan,4.261682,19.64766,123.1589,2008
Hassan,4.450467,21.94299,118.4019,2009
Hassan,5.17757,23.88785,NA,2011
Hassan,5,17.42453,NA,2012
Hassan,5.13,18.21,NA,2013
Hassan,5.854545,18.98182,NA,2014
Hassan,5.990741,19.34259,NA,2015
Hubli-Dharwad,NA,NA,153.9357,2005
Hubli-Dharwad,NA,NA,161.4171,2006
Hubli-Dharwad,NA,NA,224.6264,2007
Hubli-Dharwad,NA,12.1517,217.2557,2008
Hubli-Dharwad,NA,12.53631,229.7738,2009
Mangalore,12.8,31.36667,279,2005
Mangalore,7.633981,NA,149.0097,2006
Mangalore,7.360377,NA,125.6038,2007
Mangalore,7.407619,NA,117.6667,2008
Mangalore,6.706731,NA,86.65385,2009
Mangalore,NA,8.673267,NA,2011
Mangalore,6.163462,7.317308,NA,2012
Mangalore,7.918605,6.616279,NA,2013
Mangalore,7.71134,6.938144,NA,2014
Mangalore,7.443299,6.938144,NA,2015
Davangere,10.39604,16.24752,NA,2011
Davangere,5.257576,8.318182,NA,2013
Davangere,4.540816,7.841837,NA,2014
Davangere,4.475728,8.179612,NA,2015
Dharwad,6.886598,13.27835,NA,2011
Dharwad,6.298077,14.76923,NA,2013
Dharwad,5.029126,18.40777,NA,2014
Dharwad,5.704762,22.19048,NA,2015
Hubli,6.95,12.93,NA,2011
Hubli,6.320388,14.69903,NA,2013
Hubli,5.174757,18.37864,NA,2014
Hubli,5.72381,22.19048,NA,2015
Bidar,5.948718,12.84615,NA,2013
Bidar,6.25,13.79167,NA,2014
Bidar,6.04,13.44,NA,2015
Domlur,7.04,12.67,NA,2013
Domlur,5.884615,11.96154,NA,2015
Chitradurga,3.425287,5.931034,NA,2013
Chitradurga,3.009524,5.504762,NA,2014
Chitradurga,2.759615,5.480769,NA,2015
Ranebennur,4.642857,7.27551,NA,2013
Ranebennur,3.72,6.41,NA,2014
Ranebennur,3.625,7.038462,NA,2015
Kolar,5.653846,13.53846,NA,2013
Kolar,5.846154,12.46154,NA,2014
Kolar,6.352941,14.88235,NA,2015
Mandya,10.94118,22.79412,NA,2013
Mandya,11.33333,22.10784,NA,2014
Mandya,10.19,21.62,NA,2015
Raichur,8.777778,12.65278,NA,2013
Raichur,5.933333,10.2,NA,2015
Shimoga,5.368932,8.514563,NA,2013
Shimoga,4.538462,7.75,NA,2014
Shimoga,3.098039,6.068627,NA,2015
Tumkur,9.529915,17.51282,NA,2014
Tumkur,4.835294,22.10588,NA,2015
Bijapur,2.235294,16.58824,NA,2015
Cochin,NA,2.9,NA,1987
Cochin,NA,NA,97.37209,1988
Cochin,NA,NA,126.2778,1989
Cochin,7.021795,14.36026,NA,1990
Cochin,6.220652,14.27391,NA,1991
Cochin,6.298,13.642,NA,1992
Cochin,9.072464,16.03333,NA,1993
Cochin,14.00833,18.45694,89.27778,1994
Cochin,10.24861,15.15,NA,1995
Cochin,7.957143,19.36429,92.9,1996
Cochin,7.677778,12.81111,94.26389,1997
Cochin,9.52029,8.347826,167.3768,1998
Cochin,15.22656,18.87344,NA,1999
Cochin,20.10556,20.57083,117.6528,2000
Cochin,13.87353,14.00294,196.1618,2001
Cochin,13.24058,10.31739,130.8261,2002
Kotttayam,NA,NA,174.0833,1991
Kotttayam,4.433333,19.8,173.6667,1992
Kotttayam,5.016667,16.05833,NA,1993
Kotttayam,0.625,15.93333,164.0833,1994
Kotttayam,1.458333,15.425,143.75,1995
Kotttayam,0.9,12.16667,60.25,1996
Kotttayam,6.041667,18.83333,45.33333,1997
Kotttayam,1.733333,24.14167,54.83333,1998
Kotttayam,0.925,24.98333,NA,1999
Kotttayam,0.7666667,25.81667,0,2000
Kotttayam,2,16.36667,NA,2001
Kotttayam,2,10.575,NA,2002
Kottayam,1.9875,36.3375,279.625,1991
Kottayam,2.066667,28.11667,169.3333,1992
Kottayam,3.3,25.63333,NA,1993
Kottayam,0.9416667,43.925,178,1994
Kottayam,3.358333,54.975,135.0833,1995
Kottayam,1.758333,27.75,115.8333,1996
Kottayam,6.133333,29.95833,97.58333,1997
Kottayam,1.883333,29.53333,81.75,1998
Kottayam,0.9083333,30.35,NA,1999
Kottayam,0.6333333,23.30833,0,2000
Kottayam,2,12.35833,NA,2001
Kottayam,2,6.254545,NA,2002
Kottayam,NA,17.92574,NA,2005
Kottayam,5.283158,18.52579,NA,2006
Kottayam,NA,NA,NA,2007
Kottayam,5.779275,18.31503,49.86528,2008
Kottayam,5.665909,19.38523,47.36932,2009
Kottayam,5.515313,19.15438,49.99057,2010
Kottayam,5.047414,16.5819,NA,2011
Kottayam,6.16625,15.53625,NA,2012
Kottayam,6.709052,18.77112,NA,2013
Kottayam,6.129167,21.32313,NA,2014
Kottayam,5.134783,21.22174,NA,2015
Kozhikode,NA,NA,162.625,1991
Kozhikode,3.761905,12.70952,113.2857,1992
Kozhikode,0.8541667,9.929167,NA,1993
Kozhikode,1.9,15.47917,101.0417,1994
Kozhikode,NA,NA,86.78261,1995
Kozhikode,2.1625,15.87083,96.91667,1996
Kozhikode,6.326087,8.678261,76.21739,1997
Kozhikode,2.391667,6.9125,74.04167,1998
Kozhikode,1.280952,9.747619,79.38095,1999
Kozhikode,1.088889,9.8,54.05556,2000
Kozhikode,2,8.890909,73.18182,2001
Kozhikode,2.004167,8.245833,87.375,2002
Kozhikode,NA,NA,NA,2005
Kozhikode,NA,NA,92.88584,2006
Kozhikode,NA,NA,NA,2007
Kozhikode,NA,NA,NA,2008
Kozhikode,NA,NA,71.97653,2009
Kozhikode,2,9.142092,82.39797,2010
Kozhikode,2,7.610185,NA,2011
Kozhikode,2,7.972917,NA,2012
Kozhikode,2,16.75639,NA,2013
Kozhikode,2,19.2,NA,2014
Kozhikode,2,21.04219,NA,2015
Trivendrum,3.9,8.853571,82.10714,1991
Trivendrum,12.45789,24.82632,88.65789,1992
Trivendrum,17.89143,47.34286,NA,1993
Trivendrum,21.53333,26.625,116.3333,1994
Trivendrum,14.2,22.52222,159.3333,1995
Trivendrum,17.86111,23.69722,177.4444,1996
Trivendrum,16.78611,22.70833,149.5278,1997
Trivendrum,13.37778,20.98056,159.0556,1998
Trivendrum,17.56571,20.86,137.2571,1999
Trivendrum,14.70278,24.04722,17.41667,2000
Trivendrum,11.225,16.92778,NA,2001
Trivendrum,12.25556,13.60833,NA,2002
Palakkad,7.091667,8.208333,135.75,1999
Palakkad,22.13333,57.28333,119.8333,2000
Palakkad,15.17273,23.24545,139,2001
Palakkad,3.6,7.15,171.8333,2002
Palakkad,NA,NA,171.5143,2005
Palakkad,NA,NA,176.8534,2006
Palakkad,NA,NA,NA,2007
Palakkad,NA,NA,137.1471,2008
Palakkad,NA,NA,125.7966,2009
Palakkad,3.227603,6.178843,61.46248,2010
Palakkad,3.033613,8.932773,NA,2011
Palakkad,2.666667,4.730631,NA,2013
Palakkad,3.940678,6.389831,NA,2014
Palakkad,2,7.756303,NA,2015
Kochi,NA,NA,107.9845,2005
Kochi,NA,NA,109.6719,2006
Kochi,NA,NA,NA,2007
Kochi,NA,NA,79.89506,2008
Kochi,NA,NA,73.46111,2009
Kochi,3.846542,11.71442,NA,2010
Kochi,3.293566,12.78686,56.28284,2011
Kochi,3.217872,9.92117,NA,2012
Kochi,2.280239,6.066313,NA,2013
Kochi,2.397243,8.645363,NA,2014
Kochi,2.435401,11.70672,NA,2015
Trivandrum,9.65053,22.35724,86.42403,2005
Trivandrum,9.187681,22.98599,NA,2006
Trivandrum,NA,NA,NA,2007
Trivandrum,9.567839,25.6196,76.61558,2008
Trivandrum,9.726402,25.96659,72.43692,2009
Alappuzha,2,5.05,NA,2010
Alappuzha,2,NA,NA,2011
Alappuzha,2,4.5,NA,2012
Alappuzha,2,4.5,NA,2013
Alappuzha,5.323651,4.360996,NA,2014
Alappuzha,2,5,NA,2015
Kollam,2.387283,16.74566,NA,2010
Kollam,3.554911,20.13348,69.97321,2011
Kollam,3.599438,17.82079,NA,2012
Kollam,4.279915,11.31239,NA,2013
Kollam,4.495833,10.47917,NA,2014
Kollam,5.020833,10.07083,NA,2015
Malappuram,2,4.537733,43.38497,2010
Malappuram,2,5.463918,NA,2011
Malappuram,2,4.64188,NA,2012
Malappuram,2,5.508333,NA,2013
Malappuram,2,7.816667,NA,2014
Malappuram,2,13.78182,NA,2015
Thiruvananthapuram,8.807063,24.12741,64.37811,2010
Thiruvananthapuram,10.32933,23.22596,NA,2011
Thiruvananthapuram,9.081623,21.53652,NA,2012
Thiruvananthapuram,9.373798,22.38413,NA,2013
Thiruvananthapuram,9.131336,22.45161,NA,2014
Thiruvananthapuram,10.13194,25.4537,NA,2015
Pathanamthitta,2,13.22314,NA,2011
Pathanamthitta,2,15.02833,NA,2012
Pathanamthitta,2,13.85714,NA,2013
Pathanamthitta,2,12.4322,NA,2014
Pathanamthitta,2,13.59664,NA,2015
Thissur,2,14.00909,NA,2011
Thissur,2,11.50513,NA,2013
Thissur,2,11.37719,NA,2014
Thissur,2,7.641667,NA,2015
Wayanad,2,11.10256,NA,2011
Wayanad,2,7.837815,NA,2012
Wayanad,2.028696,4.5,NA,2013
Wayanad,2,5,NA,2014
Wayanad,2,5,NA,2015
Nagda,14.16154,8.669231,236.6923,1988
Nagda,15.84615,14.35769,209.4231,1989
Nagda,10.61,19.09667,207.9667,1990
Nagda,14.88889,24.54815,206.2222,1991
Nagda,26.26667,24.92222,139.2222,1992
Nagda,41.87692,28.51154,NA,1993
Nagda,31.39375,23.29375,NA,1994
Nagda,59.9,47.6,231,1995
Nagda,53.55417,36.9125,178.7083,1996
Nagda,60.09167,42.5875,129.6667,1997
Nagda,41.30833,32.39167,152.9583,1998
Nagda,22.54444,21.73333,126.7778,1999
Nagda,38.39583,36.52917,76.41667,2000
Nagda,34.88182,37.40909,NA,2001
Nagda,26.72083,29.40417,NA,2002
Nagda,0,0,0,2003
Nagda,24.74269,29.50292,NA,2005
Nagda,NA,NA,NA,2006
Nagda,NA,NA,NA,2007
Nagda,NA,NA,NA,2008
Nagda,NA,NA,NA,2009
Nagda,NA,NA,144.8274,2010
Nagda,NA,NA,NA,2011
Nagda,NA,NA,NA,2012
Nagda,NA,NA,NA,2013
Nagda,20.54762,23.10714,NA,2014
Nagda,NA,NA,NA,2015
Satna,NA,NA,362.8333,1990
Satna,NA,13.78571,226.0714,1991
Satna,13.21765,13.35294,190.1176,1992
Satna,14.74444,15.18333,NA,1993
Satna,13.04167,17.09167,NA,1994
Satna,15.76667,16.53333,257.6667,1995
Satna,13.94167,13.97083,250.4167,1996
Satna,13.11667,14.69583,174.8333,1997
Satna,11.07727,13.67727,227.0455,1998
Satna,11.33,16.37,231.4,1999
Satna,NA,NA,151,2000
Satna,11.21,13.285,NA,2001
Satna,7.516667,9.166667,NA,2002
Satna,0,0,0,2003
Satna,NA,NA,NA,2005
Satna,NA,NA,NA,2006
Satna,NA,NA,NA,2007
Satna,NA,NA,NA,2008
Satna,NA,NA,310.0577,2009
Satna,2.683523,5.868182,263.9716,2010
Satna,2.6,5.7,148.8,2011
Satna,NA,NA,NA,2014
Satna,NA,NA,NA,2015
Indore,13.09091,18.31818,354.2727,1990
Indore,18.12222,25.76111,349.9167,1991
Indore,NA,NA,223.6923,1992
Indore,NA,15.51429,NA,1993
Indore,NA,9.548276,NA,1994
Indore,6.133333,11.33333,531,1995
Indore,5.254286,10.69143,350.0857,1996
Indore,7.169444,9.905556,211.9444,1997
Indore,14.54167,14.47222,332.5,1998
Indore,24.42667,19.42667,367,1999
Indore,24.68333,18.34444,281.75,2000
Indore,20.56364,14.10606,NA,2001
Indore,NA,NA,NA,2002
Indore,0,0,0,2003
Indore,12.74906,NA,183.3333,2004
Indore,NA,NA,NA,2005
Indore,NA,NA,NA,2006
Indore,NA,NA,NA,2007
Indore,NA,NA,NA,2008
Indore,NA,NA,NA,2009
Indore,NA,17.80482,NA,2010
Indore,NA,NA,NA,2011
Indore,NA,NA,NA,2012
Indore,NA,NA,NA,2013
Indore,NA,NA,NA,2014
Indore,NA,NA,NA,2015
Bhopal,17.34286,26.67143,275.1429,1990
Bhopal,NA,NA,213.6111,1991
Bhopal,NA,NA,152.5714,1992
Bhopal,NA,11.70435,NA,1993
Bhopal,11.5,16.64737,NA,1994
Bhopal,13,19.35,321,1995
Bhopal,NA,NA,376.9167,1996
Bhopal,18.45833,30.59583,317.3333,1997
Bhopal,18.91667,28.75,396.0417,1998
Bhopal,NA,NA,363.5,1999
Bhopal,22.26667,26.20833,169.4167,2000
Bhopal,24.48182,27.74545,NA,2001
Bhopal,15.54583,21.3375,NA,2002
Bhopal,0,0,0,2003
Bhopal,NA,NA,NA,2004
Bhopal,NA,NA,180.8713,2005
Bhopal,NA,NA,169.6757,2006
Bhopal,NA,NA,NA,2007
Bhopal,NA,NA,NA,2008
Bhopal,NA,NA,NA,2009
Bhopal,NA,17.74624,319.4262,2010
Bhopal,NA,NA,NA,2011
Bhopal,NA,NA,NA,2012
Bhopal,NA,NA,NA,2013
Bhopal,NA,NA,NA,2014
Bhopal,NA,NA,NA,2015
Jabalpur,5.4,17.83333,248.3333,1991
Jabalpur,4.922222,63.16111,182.2778,1992
Jabalpur,1.43,54.82,NA,1993
Jabalpur,1.433333,69,NA,1994
Jabalpur,4,13.9,178,1995
Jabalpur,3.825,12.775,232.25,1996
Jabalpur,NA,NA,119.9444,2004
Jabalpur,NA,NA,192.4366,2005
Jabalpur,NA,21.96301,175.7123,2006
Jabalpur,NA,NA,NA,2007
Jabalpur,NA,NA,NA,2008
Jabalpur,NA,NA,NA,2009
Jabalpur,2,24.54286,293.9048,2010
Jabalpur,2,24.73626,NA,2011
Jabalpur,2,24.35455,NA,2012
Jabalpur,NA,NA,NA,2013
Jabalpur,2,23.46988,NA,2014
Jabalpur,9,28.42857,NA,2015
Gwalior,14.95,23.75,378,2005
Gwalior,NA,NA,209.3643,2006
Gwalior,NA,NA,NA,2007
Gwalior,NA,NA,NA,2008
Gwalior,NA,NA,NA,2009
Gwalior,NA,NA,419.72,2010
Gwalior,NA,NA,NA,2011
Gwalior,12.72059,26.61471,NA,2012
Gwalior,NA,NA,NA,2013
Gwalior,NA,16.77869,NA,2014
Gwalior,NA,NA,NA,2015
Ujjain,10.2,10.3,280,2005
Ujjain,NA,NA,122.8759,2006
Ujjain,NA,NA,NA,2007
Ujjain,NA,NA,NA,2008
Ujjain,NA,NA,NA,2009
Ujjain,NA,NA,177.3536,2010
Ujjain,NA,NA,198.7898,2011
Ujjain,NA,NA,NA,2012
Ujjain,NA,NA,NA,2013
Ujjain,NA,NA,NA,2014
Ujjain,NA,NA,NA,2015
Dewas,NA,NA,NA,2006
Dewas,NA,NA,NA,2007
Dewas,NA,NA,NA,2008
Dewas,NA,NA,NA,2009
Dewas,NA,NA,215.3718,2010
Dewas,20.08621,26.03448,222.375,2011
Dewas,NA,NA,NA,2012
Dewas,NA,NA,NA,2013
Dewas,NA,NA,NA,2014
Dewas,NA,NA,NA,2015
Khajuraho,NA,NA,84.6875,2006
Sagar,7.165385,9.238462,191.8462,2006
Sagar,NA,NA,NA,2007
Sagar,NA,NA,NA,2008
Sagar,NA,NA,NA,2009
Sagar,3.652778,17.11806,267.6944,2010
Sagar,NA,NA,NA,2011
Sagar,NA,NA,NA,2012
Sagar,2.234568,14.67901,NA,2014
Sagar,NA,NA,NA,2015
Singrauli,NA,NA,321.4787,2006
Singrauli,NA,NA,NA,2007
Singrauli,NA,NA,NA,2008
Singrauli,NA,NA,NA,2009
Singrauli,15.13333,18.93778,267.4889,2010
Singrauli,23.55,25.4,NA,2012
Singrauli,13.16327,18.26531,NA,2015
Chhindwara,NA,NA,NA,2015
Amlai,NA,NA,NA,2015
Pithampur,NA,NA,NA,2015
Pune,NA,19.95556,NA,1987
Pune,7.170833,32.6,NA,1988
Pune,9.58,39.86,NA,1989
Pune,14.2525,37.0225,220.625,1990
Pune,NA,NA,NA,1991
Pune,22.1,45.95,NA,1992
Pune,27.4875,38.3875,NA,1993
Pune,22.6,29.06667,136.1667,1994
Pune,21.22273,22.19545,134.3182,1995
Pune,43.08,47.43333,217.7333,1996
Pune,54,62.25833,298.75,1997
Pune,49.42692,58.77308,334.5,1998
Pune,39.10294,53.04412,165.6765,1999
Pune,43.85882,58.85294,130.7941,2000
Pune,43.52222,75.41111,157.0278,2001
Pune,41.25278,71.89167,234.7778,2002
Pune,29.86928,46.77451,143.8235,2004
Pune,23.57512,34.48469,216.0957,2005
Pune,25.23368,41.64742,257.3471,2006
Pune,NA,NA,NA,2007
Pune,NA,NA,265.1579,2008
Pune,24.88088,40.00721,225.2194,2009
Pune,NA,NA,199.8854,2010
Pune,31.69024,57.80488,NA,2011
Pune,22.39478,45.57586,NA,2012
Pune,NA,NA,NA,2013
Pune,22.78061,43.03061,NA,2014
Pune,23.53409,56.80682,NA,2015
Bombay,39.7625,29.06563,NA,1990
Bombay,24.58056,27.35278,NA,1991
Bombay,18.39444,32.65,NA,1992
Bombay,24.59167,32.90833,NA,1993
Bombay,30.79643,38.99286,235.3929,1994
Bombay,31.14167,33.10556,246.4444,1995
Bombay,18.45556,35.34444,211.1111,1996
Bombay,25.20278,34.4,298.9722,1997
Bombay,17.96667,23.0303,234.697,1998
Bombay,17.31944,33.7,256.0833,1999
Bombay,9.847222,29.33333,250.8333,2000
Bombay,11.73611,27.15278,237.75,2001
Bombay,9.102778,17.29167,168.4167,2002
Nagpur,10.06829,23.34878,NA,1990
Nagpur,8.739241,16.5519,NA,1991
Nagpur,11.89643,17.59643,NA,1992
Nagpur,7.895833,14.75556,NA,1993
Nagpur,6.926667,13.92222,165.4222,1994
Nagpur,8.142029,14.02464,NA,1995
Nagpur,8.021739,16.31014,188.1739,1996
Nagpur,8.554167,18.21111,143.625,1997
Nagpur,7.004545,15.76364,153.1667,1998
Nagpur,6.986567,20.79552,178.1791,1999
Nagpur,7.295714,20.72571,164.3857,2000
Nagpur,8.560294,18.34265,209.3529,2001
Nagpur,8.529167,16.06806,232.9722,2002
Nagpur,NA,NA,NA,2003
Nagpur,9.315842,20.70396,200.8373,2004
Nagpur,NA,NA,NA,2005
Nagpur,NA,NA,NA,2006
Nagpur,NA,NA,NA,2007
Nagpur,NA,NA,NA,2008
Nagpur,NA,NA,NA,2009
Nagpur,NA,NA,NA,2010
Nagpur,NA,NA,NA,2011
Nagpur,NA,NA,NA,2012
Nagpur,NA,NA,NA,2013
Nagpur,10.08511,29.02291,NA,2014
Nagpur,NA,NA,NA,2015
Chandarpur,14.7,38.325,NA,1992
Chandarpur,NA,NA,179.875,1994
Chandarpur,10.25833,22.10833,111.5,1996
Chandarpur,18.85556,29,125.4444,1997
Chandarpur,NA,NA,171.0833,1998
Chandarpur,18.02727,28.25455,181.4545,1999
Chandarpur,12.875,24.99167,144.6667,2000
Chandarpur,11.36667,25.05,161.1667,2001
Chandarpur,9.233333,25.43333,NA,2002
Aurangabad,11.45,14.1,135,1993
Aurangabad,19.67273,18.67727,149.6818,1994
Aurangabad,NA,NA,NA,2010
Aurangabad,NA,NA,NA,2011
Aurangabad,9.461538,31.92628,NA,2012
Aurangabad,NA,NA,NA,2013
Aurangabad,11.77228,38.62706,NA,2014
Aurangabad,NA,NA,NA,2015
Chandrapur,NA,NA,171.6,1994
Chandrapur,18.10417,38.41667,105.4583,1996
Chandrapur,34.09583,54.80417,113.6667,1997
Chandrapur,NA,NA,156.6667,1998
Chandrapur,33.31739,53.78696,153.4783,1999
Chandrapur,29.03333,51.95417,146.75,2000
Chandrapur,26.425,51.71667,172.5,2001
Chandrapur,16.63333,41.3375,NA,2002
Chandrapur,23.3171,33.66245,NA,2005
Chandrapur,27.67559,35.80433,NA,2006
Chandrapur,NA,NA,NA,2007
Chandrapur,NA,NA,237.7791,2008
Chandrapur,NA,NA,262.5045,2009
Chandrapur,26.56202,27.19767,NA,2010
Chandrapur,22.28547,27.65571,NA,2011
Chandrapur,11.39655,18.80843,NA,2012
Chandrapur,13.1805,22.09544,NA,2013
Chandrapur,NA,27.78673,NA,2014
Chandrapur,NA,19.60054,83.88152,Chandrapur
Chandrapur,NA,NA,NA,2015
Nashik,14.8375,26.7125,132.7917,1994
Nashik,33.67619,29.47619,146.8095,1996
Nashik,38.46944,32.56944,177.75,1997
Nashik,37.71905,33.87619,158.2381,1998
Nashik,33.78056,25.69722,104.8056,1999
Nashik,31.89333,21.48333,95.46667,2000
Nashik,26.35833,21.14167,202.3056,2001
Nashik,25.78611,20.19444,142.0833,2002
Nashik,33.18482,27.71617,140.4455,2004
Nashik,35.87416,28.8047,NA,2005
Nashik,34.11223,27.41583,NA,2006
Nashik,42.95756,35.16785,98.26688,2007
Nashik,29.92425,25.21927,155.2724,2008
Nashik,22.95844,29.23604,163.8052,2009
Nashik,21.25641,25.34295,138.2115,2010
Nashik,25.03571,27.48352,NA,2011
Nashik,23.90032,26.88103,NA,2012
Nashik,27.75968,28.85161,NA,2013
Nashik,25.21635,26.29647,NA,2014
Nashik,15.53901,22.52482,NA,2015
Dombivli,54.5,21,NA,1994
Dombivli,NA,NA,NA,1995
Dombivli,21.4875,24.975,183.25,1996
Dombivli,24.07917,23.7125,138,1997
Dombivli,42.01538,35.33077,NA,1998
Dombivli,33.01579,28.09474,NA,1999
Dombivli,37.48462,54.63077,NA,2000
Dombivli,51.71795,87.32479,NA,2012
Dombivli,25.46078,54.40686,NA,2013
Dombivli,40.14439,75.5615,NA,2014
Dombivli,20.41627,53.1244,NA,2015
Solapur,19.47083,46.69167,223.1667,1997
Solapur,17.38333,45.18333,240.4583,1998
Solapur,18.08333,46.10417,299.0833,1999
Solapur,19.15,46.51667,394.0417,2000
Solapur,19.59167,46.5875,407.5,2001
Solapur,19.9125,47.0375,374.7917,2002
Solapur,18.22435,40.54889,360.3108,2004
Solapur,17.91327,38.58483,332.3175,2005
Solapur,NA,NA,329.3541,2006
Solapur,16.49623,34.15849,297.7783,2007
Solapur,17.60335,35.20861,245.2536,2008
Solapur,17.59474,35.84115,232.7895,2009
Solapur,16.79343,35.12676,207.2702,2010
Solapur,16.68269,34.92308,NA,2011
Solapur,16.84211,35.39713,NA,2012
Solapur,16.02747,34.91758,NA,2013
Solapur,14.64904,34.10096,NA,2014
Solapur,NA,NA,NA,2015
Thane,14.54242,32.58485,159.7273,1998
Thane,13.47222,26.18889,NA,1999
Thane,14.19167,21.51111,NA,2000
Thane,20.46667,18.54167,NA,2001
Thane,17.95,18.54722,NA,2002
Thane,8.335048,12.59775,NA,2004
Thane,NA,11.85396,NA,2005
Thane,NA,NA,NA,2006
Thane,NA,NA,NA,2007
Thane,NA,NA,NA,2008
Thane,NA,NA,NA,2009
Thane,NA,NA,NA,2010
Thane,NA,NA,NA,2011
Thane,19.6699,12.29773,NA,2012
Thane,17.19808,31.90096,NA,2013
Thane,17.64138,60.4,NA,2014
Thane,27.67846,58.29904,NA,2015
Mumbai,NA,NA,77.45437,2004
Mumbai,NA,NA,266.0478,2007
Mumbai,NA,NA,NA,2008
Mumbai,NA,40.91282,NA,2009
Mumbai,3.835821,19.75124,NA,2010
Mumbai,NA,34.36996,NA,2011
Mumbai,4.849372,20.83682,NA,2012
Mumbai,3.007519,13.11654,NA,2013
Mumbai,4.008439,NA,NA,2014
Mumbai,4.203704,24.69753,NA,2015
Aurangabad (MS),9.544,26.656,NA,2005
Aurangabad (MS),NA,NA,NA,2006
Aurangabad (MS),NA,NA,NA,2007
Aurangabad (MS),NA,NA,NA,2008
Aurangabad (MS),NA,NA,NA,2009
Greater Mumbai,NA,NA,NA,2005
Greater Mumbai,NA,NA,NA,2006
Greater Mumbai,NA,NA,NA,2007
Greater Mumbai,37.63465,55.83465,NA,2008
Kolhapur,NA,NA,NA,2005
Kolhapur,8.486129,NA,NA,2006
Kolhapur,NA,NA,NA,2007
Kolhapur,NA,NA,NA,2008
Kolhapur,NA,NA,209.5243,2009
Kolhapur,NA,NA,207.1898,2010
Kolhapur,16.38658,21.52396,NA,2011
Kolhapur,20.08974,28.66667,NA,2012
Kolhapur,NA,NA,NA,2013
Kolhapur,NA,NA,NA,2014
Kolhapur,NA,NA,NA,2015
Amravati,11.75741,17.7,NA,2006
Amravati,9.919231,NA,NA,2007
Amravati,9.532292,12.49028,NA,2008
Amravati,11.3071,13.42806,NA,2009
Amravati,12.1032,14.27758,NA,2010
Amravati,11.21942,13.23741,NA,2011
Amravati,11.52574,13.44118,NA,2012
Amravati,11.39474,13.18797,NA,2013
Amravati,11.56,NA,NA,2014
Amravati,11.89024,13.30894,NA,2015
Lote,34.42478,NA,97.46018,2006
Lote,NA,NA,140.4,2007
Lote,24.91731,26.22596,141.2019,2008
Lote,56.9,29.33333,201.9333,2010
Lote,NA,NA,NA,2011
Lote,24.66667,13.94444,NA,2012
Lote,NA,NA,NA,2013
Lote,10.66489,10.51596,NA,2014
Lote,11.325,11.2125,NA,2015
Navi Mumbai,NA,NA,NA,2006
Navi Mumbai,NA,NA,NA,2007
Navi Mumbai,NA,NA,NA,2008
Navi Mumbai,NA,NA,NA,2009
Navi Mumbai,19.56486,39.02722,248.1556,2010
Navi Mumbai,17.15398,NA,NA,2011
Navi Mumbai,16.5836,42.93248,NA,2012
Navi Mumbai,17.53021,44.49318,NA,2013
Navi Mumbai,17.66908,39.6528,NA,2014
Navi Mumbai,18.04651,42.18784,NA,2015
Tarapur,NA,NA,NA,2006
Tarapur,NA,NA,NA,2007
Tarapur,NA,NA,NA,2008
Mahad,NA,NA,NA,2009
Mahad,18.71512,38.31395,156.5814,2010
Mahad,21.86522,38.15217,NA,2011
Badlapur,32.29348,72.52174,141.4348,2010
Badlapur,NA,69.07692,NA,2011
Badlapur,6,86.06122,NA,2012
Badlapur,25.40206,45.79381,NA,2013
Badlapur,39.73684,58.32632,NA,2014
Badlapur,21.41414,54.85859,NA,2015
Jalgaon,15.73723,42.18978,193.3139,2010
Jalgaon,17.03883,41.96764,NA,2011
Jalgaon,27.37346,55.85012,NA,2012
Jalgaon,20.76842,44.90789,NA,2013
Jalgaon,18.85761,42.27508,NA,2014
Jalgaon,15.68167,39.01608,NA,2015
Latur,NA,NA,242.3308,2010
Latur,6.012945,15.71197,NA,2011
Latur,8.179739,20.41176,NA,2012
Latur,6.396774,16.86129,NA,2013
Latur,5.918919,16.21622,NA,2014
Latur,5.130584,15.07216,NA,2015
Roha,16.47967,34.00813,155.8049,2010
Roha,20.90076,34.55725,NA,2011
Sangli,14.38462,29.07692,108.0673,2010
Sangli,9.616613,34.84026,NA,2011
Sangli,11.04777,40.10191,NA,2012
Sangli,10.18269,38.99679,NA,2013
Sangli,11.71678,44.77273,NA,2014
Sangli,11.25325,41.32792,NA,2015
Ulhasnagar,31.11917,67.60622,133.943,2010
Ulhasnagar,37.25616,67.26601,NA,2011
Ulhasnagar,39.58416,67.24752,NA,2012
Ulhasnagar,22.30693,36.46535,NA,2013
Ulhasnagar,33.79581,56.01047,NA,2014
Ulhasnagar,21.31677,55.3913,NA,2015
Akola,7.943128,9.838863,NA,2011
Akola,8.723684,10.30263,NA,2012
Akola,7.392045,8.488636,NA,2013
Akola,8.393258,9.651685,NA,2014
Akola,7.246269,8.380597,NA,2015
Jalna,6.732484,25.03822,NA,2011
Jalna,9.045226,29.53769,NA,2012
Jalna,10.73575,30.96891,NA,2013
Jalna,9.775401,29.7754,NA,2014
Jalna,NA,NA,NA,2015
Nanded,28.29665,28.70335,NA,2011
Nanded,NA,30.59105,NA,2012
Nanded,33.09325,30.86817,NA,2013
Nanded,46.92334,45.46341,NA,2014
Nanded,49.51603,48.16667,NA,2015
Imphal,NA,20.5375,130.1786,2007
Imphal,NA,19.155,238.4,2008
Shillong,NA,NA,44.58333,1991
Shillong,NA,NA,NA,1995
Shillong,6.291667,4.075,31.5,1997
Shillong,0.9166667,1.483333,30.5,1998
Shillong,0.925,3.266667,35,1999
Shillong,0.9857143,6.65,53.21429,2000
Shillong,NA,NA,75.79167,2001
Shillong,3.94,9.515,86.25,2002
Shillong,3.065,10.57062,65.25,2004
Shillong,NA,NA,77.58036,2006
Shillong,NA,NA,NA,2007
Shillong,NA,NA,85.89349,2008
Shillong,NA,NA,100.5426,2009
Shillong,2.394823,10.96755,NA,2010
Shillong,2.927835,10.14433,NA,2011
Shillong,2.352273,10.74097,NA,2012
Shillong,2.427861,10.93532,NA,2013
Shillong,2,10.32812,NA,2014
Shillong,2,13.12409,NA,2015
Byrnihat,83.01475,15.12395,NA,2010
Byrnihat,73.53535,17.07071,NA,2011
Byrnihat,34.92771,20.09639,NA,2012
Byrnihat,21.52427,14.60194,NA,2013
Byrnihat,26.32857,20.31429,NA,2014
Byrnihat,25.45588,13.30882,NA,2015
Dawki,2.326471,6.457598,NA,2010
Dawki,2.57732,7.020619,NA,2011
Dawki,2.091954,8.114943,NA,2012
Dawki,2.61165,10.20388,NA,2013
Dawki,2.527473,12.34066,NA,2014
Dawki,2.09375,11.46875,NA,2015
Tura,2,8.616176,NA,2010
Tura,2,6.535714,NA,2011
Tura,2,5,NA,2012
Tura,2,6.233333,NA,2013
Tura,2,5,NA,2014
Tura,2,5,NA,2015
Khliehriat,NA,NA,NA,2013
Khliehriat,2,5.011765,NA,2014
Khliehriat,2,5,NA,2015
Nongstoin,2,6.486842,NA,2013
Nongstoin,2,9.782609,NA,2014
Nongstoin,2,10.08824,NA,2015
Umsning,2,13.47059,NA,2015
Aizawl,NA,NA,93.58683,2005
Aizawl,NA,NA,95.96797,2006
Aizawl,NA,NA,NA,2007
Aizawl,NA,NA,80.27508,2008
Aizawl,2,5.512607,86.53205,2010
Aizawl,2,NA,NA,2011
Aizawl,2,7.095745,NA,2012
Aizawl,2.137179,9.278762,NA,2013
Aizawl,2.064103,7.607692,NA,2014
Aizawl,2.00189,8.385633,NA,2015
Champhai,2,4.824722,NA,2011
Champhai,NA,NA,NA,2013
Champhai,2.063107,5,NA,2014
Champhai,2.009756,5.004878,NA,2015
Kolasib,2,4.836111,NA,2011
Kolasib,2.019856,4.507703,NA,2013
Kolasib,2,5,NA,2014
Kolasib,2.034826,5.084577,NA,2015
Lunglei,2,4.5,NA,2011
Lunglei,2.373019,4.654245,NA,2013
Lunglei,2.004831,5,NA,2014
Lunglei,2.187879,5.272727,NA,2015
Dimapur,NA,NA,137.5141,2003
Dimapur,NA,NA,NA,2005
Dimapur,NA,14.39009,134.6179,2006
Dimapur,NA,14.08269,124.625,2007
Dimapur,NA,13.99028,128.5139,2008
Dimapur,NA,16.27667,144.0556,2009
Dimapur,2,7.486486,137.7892,2010
Dimapur,2,7.382775,NA,2011
Dimapur,NA,NA,NA,2013
Dimapur,2,8.658291,NA,2015
Kohima,2,5.098082,118.3548,2010
Kohima,2,4.888889,NA,2011
Kohima,2,4.5,NA,2013
Kohima,2,5,NA,2015
Angul,NA,NA,NA,1987
Angul,NA,NA,114.2727,1988
Angul,NA,NA,119.5455,1989
Angul,7.288889,NA,122.5556,1990
Angul,NA,NA,171.125,1991
Angul,18.15833,7.05,73.16667,1992
Angul,NA,NA,NA,1993
Angul,NA,NA,156.0833,1994
Angul,NA,NA,NA,1995
Angul,15.4,12.28,240.6,1996
Angul,NA,NA,107.5,1997
Angul,9.96,9.17,148.2,1998
Angul,NA,5.958333,206,1999
Angul,5.591667,29.50833,169.1667,2000
Angul,10.71667,26.56667,179.75,2001
Angul,NA,NA,167.4167,2002
Angul,3.873886,12.16517,158.6681,2004
Angul,NA,NA,169.3744,2005
Angul,NA,17.61917,186.4715,2006
Angul,NA,18.08538,200.0189,2007
Angul,NA,20.44734,243.1302,2008
Angul,6.656725,19.74678,268.6199,2009
Angul,6.847225,20.9759,223.0378,2010
Angul,6.470874,19.3932,NA,2012
Angul,8.242718,21.31553,NA,2013
Angul,9.75,22.58173,NA,2014
Angul,10.51905,23.92381,NA,2015
Talcher,NA,NA,218,1987
Talcher,NA,NA,228.75,1988
Talcher,NA,NA,223,1989
Talcher,NA,NA,202.25,1990
Talcher,NA,NA,188.1818,1991
Talcher,17.18,11.16667,95.53333,1992
Talcher,NA,NA,NA,1993
Talcher,NA,NA,186.3333,1994
Talcher,NA,NA,177.3333,1995
Talcher,NA,NA,302.4286,1996
Talcher,NA,NA,143.25,1997
Talcher,9.76,12.98,176.6,1998
Talcher,NA,10.625,167.3333,1999
Talcher,5.53,19.64,147.7,2000
Talcher,6.658333,30.53333,179.6667,2001
Talcher,9.541667,27.14167,181.5,2002
Talcher,5.338365,20.1849,162.9216,2004
Talcher,NA,18.59703,142.9406,2005
Talcher,8.771875,19.015,185.0062,2006
Talcher,8.974877,16.39015,179.7537,2007
Talcher,12.17379,21.59612,217.7864,2008
Talcher,12.10663,22.87127,236.6022,2009
Talcher,11.61528,22.44161,231.9073,2010
Talcher,7.766667,18.81333,NA,2012
Talcher,8.438095,21.37143,NA,2013
Talcher,9.31068,23.71845,NA,2014
Talcher,9.990385,24.58654,NA,2015
Rourkela,14.55185,28.3037,189,1992
Rourkela,26.95455,30.02727,NA,1993
Rourkela,25.22128,30.02128,232.7021,1994
Rourkela,NA,NA,NA,1995
Rourkela,NA,NA,201.7872,1996
Rourkela,NA,NA,128.125,1997
Rourkela,22.10698,NA,150.3256,1998
Rourkela,NA,17.11875,157.375,1999
Rourkela,14.125,19.6125,NA,2000
Rourkela,NA,NA,156.0417,2001
Rourkela,8.377083,13.97083,NA,2002
Rourkela,4.287945,8.253288,176.0705,2004
Rourkela,NA,NA,170.4806,2005
Rourkela,NA,NA,NA,2006
Rourkela,NA,NA,NA,2007
Rourkela,5.388038,10.41053,201.6746,2008
Rourkela,5.525118,10.63886,206.6209,2009
Rourkela,5.116582,10.62584,210.3704,2010
Rourkela,5.104762,10.63333,NA,2012
Rourkela,5.102649,10.78477,NA,2013
Rourkela,5.577114,11.41294,NA,2014
Rourkela,8.692568,12.85811,NA,2015
Nalco,NA,NA,180.2222,1992
Nalco,NA,NA,NA,1993
Nalco,NA,NA,182.1429,1994
Nalco,NA,NA,NA,1995
Nalco,NA,NA,203.25,1996
Nalco,NA,NA,92,1997
Nalco,6.94,9.9,107.4,1998
Nalco,NA,5.941667,117.4167,1999
Nalco,6.175,22.225,99.08333,2000
Nalco,6.316667,22.93333,123.1667,2001
Nalco,14.82727,14.5,118.5455,2002
Rayagada,NA,8.227143,115.9096,2004
Rayagada,NA,NA,152.0349,2005
Rayagada,NA,NA,107.8122,2006
Rayagada,NA,NA,103.466,2007
Rayagada,NA,19.26571,116.5048,2008
Rayagada,NA,21.12041,95.2449,2009
Rayagada,2.241019,20.07597,89.32201,2010
Rayagada,3.024038,22.03846,NA,2012
Rayagada,3.774038,22.64904,NA,2013
Rayagada,4.144231,20.44712,NA,2014
Rayagada,4.245192,21.23077,NA,2015
Bhubaneswar,NA,11.08633,106.5169,2004
Bhubaneswar,2,18.17617,166.127,2010
Bhubaneswar,2.152738,NA,NA,2011
Bhubaneswar,2.009507,18.86268,NA,2012
Bhubaneswar,2,17.21591,NA,2013
Bhubaneswar,2.147368,18.66667,NA,2014
Bhubaneswar,2.153631,17.26816,NA,2015
Bhubaneshwar,NA,NA,114.2443,2005
Bhubaneshwar,NA,14.46178,156.1644,2006
Bhubaneshwar,NA,14.39518,NA,2007
Bhubaneshwar,NA,18.97194,160.3032,2008
Bhubaneshwar,NA,18.45324,148.3345,2009
Cuttack,NA,31.17358,185.9245,2005
Cuttack,NA,30.26474,232.6763,2006
Cuttack,NA,NA,NA,2007
Cuttack,NA,19.96053,229.2684,2008
Cuttack,NA,19.96603,225.4833,2009
Cuttack,2.222111,21.42944,210.62,2010
Cuttack,NA,NA,NA,2013
Cuttack,2.347541,29.95738,NA,2014
Cuttack,2.765343,29.97473,NA,2015
Sambalpur,NA,NA,109.1429,2005
Sambalpur,NA,NA,114.8091,2006
Sambalpur,NA,11.0018,125.3604,2007
Sambalpur,NA,13.72,130.4545,2008
Sambalpur,NA,16.0744,136.52,2009
Sambalpur,3.442857,15.02738,131.0738,2010
Sambalpur,3.392857,14.83625,NA,2012
Sambalpur,3.018868,14.10377,NA,2013
Sambalpur,3.345455,15.76364,NA,2014
Sambalpur,4.131579,17.26316,NA,2015
Berhampur,NA,NA,155.9417,2006
Berhampur,NA,NA,155.4623,2007
Berhampur,NA,13.44327,154.0865,2008
Berhampur,NA,13.88571,137.0381,2009
Berhampur,2,13.21667,143.3719,2010
Berhampur,2,19.69231,NA,2013
Berhampur,2,17.31731,NA,2014
Berhampur,2,17.88506,NA,2015
Balasore,NA,10.8899,137.2121,2007
Balasore,NA,11.1703,139.6436,2008
Balasore,NA,11.52157,183.451,2009
Balasore,2,11.52833,160.2303,2010
Balasore,2.480583,12.55092,NA,2012
Balasore,3.590226,12.74436,NA,2013
Balasore,3.334884,12.09767,NA,2014
Balasore,NA,21.49266,86.93348,Balasore
Balasore,3.655,12.15,NA,2015
Kalinga Nagar,2.019231,10.15385,NA,2014
Kalinga Nagar,2.009804,10.13725,NA,2015
Paradeep,9.560554,11.88581,NA,2014
Paradeep,15.11458,13.25,NA,2015
Keonjhar,2,13.21053,NA,2015
Konark,2.038462,13.25641,NA,2015
Puri,2.293103,17.13793,NA,2015
Pondichery,10.04444,18.87222,104.8333,1988
Pondichery,8.336364,33.59697,120.4545,1989
Pondichery,9.984848,15.9697,106.3939,1990
Pondichery,9.696667,11.61,115.4333,1991
Pondichery,17.94722,31.44722,NA,1993
Pondichery,27.96111,45.10556,180.4444,1994
Pondichery,45.83611,63.89167,181.2222,1995
Pondichery,51.86389,36.51389,230.4444,1996
Pondichery,58.20556,45.10556,265.3056,1997
Pondichery,60.8303,57.83939,291.5758,1998
Pondichery,41.01,42.59667,231.8667,1999
Pondichery,19.24615,25.11538,113.2308,2000
Pondichery,NA,NA,NA,2001
Pondichery,NA,NA,NA,2002
Pondicherry,22.21754,17.53333,57.12281,2004
Pondicherry,NA,14.58832,80.48905,2005
Pondicherry,NA,NA,NA,2006
Pondicherry,NA,NA,NA,2007
Pondicherry,NA,NA,NA,2008
Pondicherry,NA,NA,63.25581,2009
Pondicherry,5.829039,13.09608,58.3,2010
Pondicherry,NA,NA,NA,2011
Pondicherry,NA,NA,NA,2012
Pondicherry,NA,NA,NA,2013
Pondicherry,NA,NA,NA,2014
Pondicherry,NA,NA,NA,2015
Karaikal,15.77143,11.97857,NA,2014
Karaikal,12.98282,9.347079,NA,2015
Ludhiana,NA,NA,400.1379,1987
Ludhiana,NA,NA,398.5854,1988
Ludhiana,0.4947368,32.21579,420.4737,1989
Ludhiana,NA,41.51915,364.9787,1990
Ludhiana,20.63333,47.63333,371.8333,1991
Ludhiana,19.17179,40.32821,244.0769,1992
Ludhiana,NA,NA,NA,1995
Ludhiana,15.13143,41.17429,334.2,1996
Ludhiana,19.59697,44.96667,297.4848,1997
Ludhiana,20.28065,39.20645,444.8065,1999
Ludhiana,11.60556,30.41667,NA,2000
Ludhiana,12.06667,31.48056,NA,2001
Ludhiana,11.87,33.075,161.1,2002
Ludhiana,11.46703,35.31593,NA,2003
Ludhiana,19.07053,42.4534,NA,2004
Ludhiana,NA,NA,NA,2005
Ludhiana,15.83981,37.02063,NA,2006
Ludhiana,NA,NA,NA,2007
Ludhiana,NA,NA,NA,2008
Ludhiana,8.722449,37.1863,NA,2009
Ludhiana,9.505051,32.56566,NA,2010
Ludhiana,NA,NA,NA,2011
Ludhiana,NA,NA,NA,2012
Ludhiana,11.1219,26.27048,NA,2013
Ludhiana,NA,NA,NA,2014
Ludhiana,NA,NA,NA,2015
Jalandhar,NA,NA,102.1667,1991
Jalandhar,33.18148,60.77407,113.9259,1992
Jalandhar,NA,NA,NA,1995
Jalandhar,16.09643,27.58214,230.9643,1996
Jalandhar,23.1125,38.5875,199.0417,1997
Jalandhar,22.68333,33.80556,348.0833,1999
Jalandhar,21.41667,29.575,314.9167,2000
Jalandhar,19.51111,25.88889,226.9722,2001
Jalandhar,12.65833,24.28333,239.0833,2002
Jalandhar,NA,NA,NA,2004
Jalandhar,NA,NA,NA,2005
Jalandhar,NA,NA,NA,2006
Jalandhar,NA,NA,NA,2007
Jalandhar,NA,NA,NA,2008
Jalandhar,12.06906,29.42604,NA,2009
Jalandhar,10.95833,29.41667,NA,2010
Jalandhar,11.44706,24.28235,NA,2011
Jalandhar,13.11518,26.86387,NA,2012
Jalandhar,NA,NA,NA,2013
Jalandhar,NA,NA,NA,2014
Jalandhar,NA,NA,NA,2015
Patiala,NA,NA,NA,1995
Patiala,NA,NA,NA,2010
Patiala,7.595814,19.2786,NA,2011
Patiala,7.391705,21.04608,NA,2012
Patiala,NA,NA,NA,2013
Patiala,NA,14.03797,NA,2014
Patiala,5.195402,14.54789,NA,2015
Gobindgarh,17.81304,41.50435,412.8696,1996
Gobindgarh,NA,NA,286.9565,1997
Gobindgarh,18.22917,34.625,421.6667,1999
Gobindgarh,12.99583,31.1375,400.0417,2000
Gobindgarh,11.8875,34.1375,308.25,2001
Gobindgarh,10.33,31.13,314,2002
Gobindgarh,13.01633,38.77959,0,2004
Gobindgarh,16.68261,30.41462,NA,2005
Gobindgarh,NA,NA,NA,2006
Gobindgarh,NA,NA,NA,2007
Gobindgarh,NA,25.84924,NA,2008
Gobindgarh,NA,NA,NA,2009
Gobindgarh,NA,NA,NA,2010
Gobindgarh,12.41008,32.29384,NA,2011
Gobindgarh,8.982234,35.2167,NA,2012
Gobindgarh,6.536269,32.54663,NA,2013
Gobindgarh,7.234694,NA,NA,2014
Gobindgarh,NA,NA,NA,2015
Naya Nangal,NA,NA,187.7372,2005
Naya Nangal,NA,NA,NA,2006
Naya Nangal,NA,NA,NA,2007
Naya Nangal,NA,NA,NA,2008
Naya Nangal,NA,NA,NA,2009
Naya Nangal,6.84186,16.47907,NA,2010
Naya Nangal,6.941089,17.04109,NA,2011
Naya Nangal,NA,NA,NA,2012
Naya Nangal,NA,NA,NA,2013
Naya Nangal,NA,NA,NA,2014
Naya Nangal,NA,NA,NA,2015
Amritsar,12.02308,31.34308,NA,2006
Amritsar,NA,NA,NA,2007
Amritsar,14.63088,34.60809,NA,2008
Amritsar,15.3197,35.9697,NA,2009
Amritsar,14.19091,35.64545,NA,2010
Amritsar,14.28291,36.1519,NA,2011
Amritsar,14.88889,39.19048,NA,2012
Amritsar,NA,NA,NA,2013
Amritsar,13.3961,40.44156,NA,2014
Amritsar,12.39779,34.60773,NA,2015
Bathinda,10.77692,29.86813,NA,2006
Bathinda,NA,NA,NA,2007
Bathinda,NA,NA,NA,2008
Bathinda,NA,NA,NA,2009
Bathinda,9.15625,20.9375,NA,2010
Bathinda,9.678947,21.49158,NA,2011
Bathinda,NA,NA,NA,2013
Bathinda,NA,NA,NA,2014
Bathinda,5.479675,14.99187,NA,2015
Dera Bassi,11.18171,30.84057,NA,2006
Dera Bassi,NA,NA,NA,2007
Dera Bassi,NA,NA,NA,2008
Dera Bassi,NA,NA,NA,2009
Dera Bassi,10.28947,23.49248,NA,2010
Dera Bassi,8.94569,21.83103,NA,2011
Dera Bassi,NA,NA,NA,2012
Dera Bassi,NA,NA,NA,2013
Dera Bassi,NA,NA,NA,2014
Dera Bassi,NA,NA,NA,2015
Khanna,NA,NA,NA,2006
Khanna,9.382731,36.53414,NA,2007
Khanna,9.69,38.5736,NA,2008
Khanna,8.733466,36.14661,NA,2009
Khanna,9.143969,31.1751,NA,2010
Khanna,11.02072,NA,NA,2011
Khanna,NA,NA,NA,2013
Khanna,NA,NA,NA,2014
Khanna,NA,NA,NA,2015
Dera Baba,6.714286,14.19643,NA,2010
Dera Baba,6.578378,14.24865,NA,2011
Dera Baba,NA,NA,NA,2012
Dera Baba,NA,NA,NA,2013
Dera Baba,NA,13.04237,NA,2014
Dera Baba,NA,NA,NA,2015
Sangrur,NA,13.21705,NA,2015
Faridkot,NA,13.07216,NA,2015
Hoshiarpur,NA,NA,NA,2015
Kota,NA,NA,153.7255,1987
Kota,29.48182,70.08182,NA,1988
Kota,NA,90.1375,216.3958,1989
Kota,15.29667,81.92333,209.6167,1990
Kota,14.13036,77.95714,NA,1991
Kota,13.99412,68.68235,NA,1992
Kota,11.32941,58.76471,NA,1993
Kota,6.744444,64.97778,239,1994
Kota,NA,NA,NA,1995
Kota,NA,NA,225.8333,1996
Kota,16.53611,48.35833,149.9167,1997
Kota,10,25.54167,269.5833,1998
Kota,4.36129,17.92581,177.3548,1999
Kota,6.6,25.84138,NA,2000
Kota,6.9,26.70833,211.8889,2001
Kota,5.541667,19.77222,22.27778,2002
Kota,6.416961,24.66431,264.6572,2004
Kota,NA,21.83942,NA,2005
Kota,8.426786,24.02786,290.85,2006
Kota,NA,NA,NA,2007
Kota,NA,NA,NA,2008
Kota,7.302885,24.34872,210.6731,2009
Kota,10.24319,29.4762,243.5991,2010
Kota,NA,NA,NA,2011
Kota,NA,NA,NA,2012
Kota,NA,NA,NA,2013
Kota,6.657143,35.3873,NA,2014
Kota,NA,NA,NA,2015
Jaipur,5.861111,13.77778,NA,1990
Jaipur,8.127273,15.2,NA,1991
Jaipur,7.42,26.51333,NA,1992
Jaipur,7.775,21.98056,NA,1993
Jaipur,8.317143,26.30286,NA,1994
Jaipur,9.808696,25.87246,220,1995
Jaipur,10.23148,29.43889,281.9074,1996
Jaipur,8.280556,14.64444,NA,1997
Jaipur,9.943939,21.57727,225.5,1998
Jaipur,10.37381,43.20476,271.2143,1999
Jaipur,19.80556,43.425,321.5556,2000
Jaipur,10.81667,31.63636,283.9848,2001
Jaipur,11.25797,34.56522,156.3043,2002
Jaipur,10.35069,14.47222,347.9028,2003
Jaipur,6.437299,30.209,252.4469,2004
Jaipur,NA,NA,NA,2005
Jaipur,NA,NA,305.8133,2006
Jaipur,NA,NA,NA,2007
Jaipur,NA,NA,NA,2008
Jaipur,NA,NA,NA,2009
Jaipur,5.776772,NA,NA,2010
Jaipur,6.82392,36.72259,NA,2011
Jaipur,NA,NA,NA,2012
Jaipur,7.466205,40.22524,NA,2013
Jaipur,7.080858,42.73762,NA,2014
Jaipur,NA,NA,NA,2015
Alwar,21,69.04375,386.1875,1992
Alwar,28.9875,70.93333,NA,1993
Alwar,27.50222,64.10667,NA,1994
Alwar,27.90476,68.19762,407.5476,1995
Alwar,25.70213,73.04468,391.8298,1996
Alwar,NA,NA,307.8958,1997
Alwar,18.32083,66.61042,316.9583,1998
Alwar,17.52,69.97143,238.4857,1999
Alwar,19.23404,65.85745,NA,2000
Alwar,18.6383,62.91277,313.4894,2001
Alwar,18.29348,50.86739,69.58696,2002
Alwar,6.537445,11.73128,243.2379,2004
Alwar,7.623846,NA,204.9154,2005
Alwar,6.594186,NA,NA,2006
Alwar,NA,NA,NA,2007
Alwar,NA,NA,263.5458,2008
Alwar,NA,NA,NA,2009
Alwar,NA,NA,402.9956,2010
Alwar,12.21739,22.03382,NA,2011
Alwar,10.47233,22.4127,NA,2012
Alwar,NA,NA,NA,2013
Alwar,10.92525,22.71718,NA,2014
Alwar,NA,NA,NA,2015
Jodhpur,46.6,50.6,NA,1993
Jodhpur,41.00278,31.64167,409.3889,1995
Jodhpur,31.64167,31.37083,355.7083,1996
Jodhpur,7.383333,15.47222,264.5556,1997
Jodhpur,4.196875,14.925,340.0938,1998
Jodhpur,9.766667,23.2375,339.375,1999
Jodhpur,9.1375,18.13333,469.9583,2001
Jodhpur,7.846667,15.81667,33.46667,2002
Jodhpur,6.366667,19.39,334.8767,2004
Jodhpur,8.17823,20.28673,NA,2005
Jodhpur,6.755684,20.79605,NA,2006
Jodhpur,NA,NA,NA,2007
Jodhpur,NA,NA,NA,2008
Jodhpur,NA,NA,NA,2009
Jodhpur,5.758053,22.29818,406.3751,2010
Jodhpur,NA,NA,NA,2011
Jodhpur,5.420361,22.98358,NA,2013
Jodhpur,6.893617,31.19574,NA,2014
Jodhpur,NA,NA,NA,2015
Chittorgarh,NA,NA,NA,1995
Chittorgarh,NA,NA,227.625,1996
Chittorgarh,NA,NA,151,1997
Chittorgarh,NA,NA,270.5,1998
Chittorgarh,34.9,68.35,414.5,1999
Udaipur,NA,NA,244.0667,1995
Udaipur,NA,NA,323.6111,1996
Udaipur,NA,NA,260.3889,1997
Udaipur,NA,NA,296.129,1998
Udaipur,31.87619,89.61429,262.6667,1999
Udaipur,NA,45.01852,NA,2000
Udaipur,NA,NA,219.8611,2001
Udaipur,7.663636,37.2697,21.42424,2002
Udaipur,6.508091,NA,291.1909,2004
Udaipur,NA,NA,259.3502,2005
Udaipur,NA,NA,NA,2006
Udaipur,NA,NA,NA,2007
Udaipur,NA,NA,NA,2008
Udaipur,NA,NA,235.1362,2009
Udaipur,6.154829,34.26475,NA,2010
Udaipur,5.947712,32.30719,NA,2011
Udaipur,5.932258,31.14297,NA,2012
Udaipur,NA,NA,NA,2013
Udaipur,5.69103,31.81063,NA,2014
Udaipur,5.932692,32.75321,NA,2015
Gangtok,19.8,26.8,75,2007
Madras,18.98889,1.022222,158.5556,1987
Madras,15.43455,11.48182,137.9818,1988
Madras,NA,26.08571,NA,1989
Madras,18.37692,21.29451,119.1429,1990
Madras,13.21556,19.13778,NA,1991
Madras,10.4,11.48276,NA,1992
Madras,9.083333,16.41389,NA,1993
Madras,NA,NA,69.45,1994
Madras,19.8058,16.75217,129.6087,1995
Madras,8.013889,9.165278,122.4028,1996
Madras,NA,12.40972,111.8889,1997
Madras,NA,15.1377,120.3934,1998
Madras,12.02121,10.68182,88.12121,1999
Madras,NA,NA,93.80328,2000
Madras,15.65072,18.1087,96.21739,2001
Madras,20.79861,16.53472,98,2002
Turicorin,1.825,13.4375,45.875,1988
Turicorin,14.94545,12.24545,42.45455,1989
Turicorin,19.05455,8.6,43.63636,1990
Turicorin,14.88182,10.02727,51.54545,1991
Tuticorin,NA,NA,91.75,1991
Tuticorin,NA,NA,10.57143,1994
Tuticorin,7.894286,15.91143,52.62857,1995
Tuticorin,6.163889,11.77222,78.83333,1996
Tuticorin,NA,NA,64.72222,1997
Tuticorin,NA,13.54615,72,1998
Tuticorin,5.690909,10.50606,54.93939,1999
Tuticorin,NA,30.68824,52.76471,2000
Tuticorin,10.95312,14.80625,20.15625,2002
Coimbatore,NA,NA,0,1994
Coimbatore,1.8375,6.225,42.125,1995
Coimbatore,1.166667,2.861905,53.7619,1996
Coimbatore,NA,12.5,111.5833,1997
Coimbatore,NA,16.78889,123.3333,1998
Coimbatore,4.894444,14.20833,53.25,1999
Coimbatore,4.291667,35.99167,48.41667,2000
Coimbatore,NA,37.975,59,2001
Coimbatore,NA,NA,77.08333,2002
Coimbatore,7.214552,39.36194,NA,2004
Coimbatore,NA,42.74262,NA,2005
Coimbatore,NA,NA,NA,2006
Coimbatore,NA,NA,NA,2007
Coimbatore,NA,NA,NA,2008
Coimbatore,NA,NA,NA,2009
Coimbatore,NA,NA,NA,2010
Coimbatore,NA,NA,NA,2011
Coimbatore,NA,NA,NA,2012
Coimbatore,NA,NA,NA,2013
Coimbatore,NA,NA,NA,2014
Coimbatore,NA,NA,NA,2015
Madurai,NA,25.47,172.5667,1998
Madurai,5.393333,30.18,126.1333,1999
Madurai,4.9625,29.23333,119.6667,2000
Madurai,5.605556,30.67222,134.5278,2001
Madurai,8.791667,31.06944,33.61111,2002
Madurai,12.38655,24.58235,134.9076,2005
Madurai,NA,NA,NA,2006
Madurai,NA,NA,NA,2007
Madurai,NA,NA,NA,2008
Madurai,NA,NA,NA,2009
Madurai,NA,NA,108.7639,2010
Madurai,11.14041,25.22603,NA,2011
Madurai,10.15358,22.51195,NA,2012
Madurai,14.37716,22.17647,NA,2013
Madurai,13.31973,25.76871,NA,2014
Madurai,13.31667,24.72917,NA,2015
Salem,NA,15.925,125,1998
Salem,3.866667,25.36667,79.33333,1999
Salem,3.48,15.78,82.8,2000
Salem,4.254545,9.281818,39,2001
Salem,5.291667,21.03333,8.916667,2002
Salem,6.7125,36.28214,68.51786,2005
Salem,NA,NA,NA,2006
Salem,7.606164,25.11164,NA,2007
Salem,NA,NA,NA,2008
Salem,NA,NA,NA,2009
Salem,NA,NA,NA,2010
Salem,8.12782,20.88722,NA,2011
Salem,NA,NA,NA,2012
Salem,NA,NA,NA,2013
Salem,8.114504,28.66412,NA,2014
Salem,8.556604,27.87736,NA,2015
Chennai,5.326373,6.464683,NA,2004
Chennai,NA,NA,147.5836,2005
Chennai,NA,NA,NA,2006
Chennai,NA,NA,159.9973,2007
Chennai,NA,NA,NA,2008
Chennai,NA,NA,NA,2009
Chennai,NA,NA,NA,2010
Chennai,NA,NA,NA,2011
Chennai,NA,NA,NA,2012
Chennai,13.23784,23.20405,NA,2013
Chennai,NA,NA,NA,2014
Chennai,NA,NA,NA,2015
Thoothukudi,19.13033,20.10738,NA,2005
Thoothukudi,NA,NA,NA,2006
Thoothukudi,NA,NA,NA,2007
Thoothukudi,NA,NA,NA,2008
Thoothukudi,NA,NA,NA,2009
Thoothukudi,NA,NA,NA,2010
Thoothukudi,NA,NA,NA,2011
Thoothukudi,NA,NA,NA,2012
Thoothukudi,NA,NA,NA,2013
Thoothukudi,NA,NA,NA,2014
Thoothukudi,NA,NA,NA,2015
Trichy,11.12838,16.76351,NA,2012
Trichy,NA,NA,NA,2013
Trichy,NA,NA,NA,2014
Trichy,NA,NA,NA,2015
Mettur,8.965116,25.31395,NA,2013
Mettur,8.429268,23.18537,NA,2014
Mettur,8.117949,24.37436,NA,2015
Cuddalore,NA,18.92969,NA,2013
Cuddalore,NA,NA,NA,2014
Cuddalore,NA,NA,NA,2015
Kothur,8.979167,17.27083,NA,2015
Agra,NA,NA,322.6304,1987
Agra,NA,NA,408.225,1988
Agra,12.26905,6.578571,370.881,1989
Agra,21.9,11.95517,468.8966,1990
Agra,NA,NA,486.4643,1991
Agra,NA,NA,392.5,1992
Agra,24.41818,11.01818,NA,1993
Agra,21.45,9.958333,363.6667,1994
Agra,NA,NA,NA,1995
Agra,18.73,15.56,519.75,1996
Agra,NA,NA,396.9722,1997
Agra,NA,NA,564.2414,1998
Agra,NA,NA,384.4571,1999
Agra,NA,NA,354.0571,2000
Agra,NA,NA,385.8519,2001
Agra,5.507692,11.13077,360.4615,2002
Agra,NA,8.091133,30.25123,2004
Agra,NA,NA,NA,2005
Agra,NA,NA,NA,2006
Agra,NA,NA,NA,2007
Agra,NA,NA,NA,2008
Agra,NA,NA,NA,2009
Agra,NA,NA,340.0243,2010
Agra,NA,NA,NA,2011
Agra,NA,NA,NA,2013
Agra,NA,NA,NA,2014
Agra,NA,NA,NA,2015
Anpara,NA,NA,475.0769,1987
Anpara,NA,NA,375.9,1988
Anpara,48.42727,34.32273,295.5909,1989
Anpara,36.6,35.11364,224.0909,1990
Anpara,NA,NA,282.1875,1991
Anpara,NA,NA,NA,1993
Anpara,NA,NA,391,1994
Anpara,NA,NA,NA,1995
Anpara,47.22083,48.14167,250.1667,1996
Anpara,55.09167,54.94167,275.8333,1997
Anpara,58.52273,60.87273,255.6364,1998
Anpara,59.2,61.87143,287.0476,1999
Anpara,64.2625,67.4,183.1875,2000
Anpara,52.2875,58.52083,226.5,2001
Anpara,29.82917,41.85,232.7083,2002
Anpara,18.0781,29.19429,271.9714,2004
Anpara,18.18537,30.14683,262.278,2005
Anpara,NA,NA,274.2524,2006
Anpara,19.77874,30.29082,NA,2007
Anpara,NA,NA,250.8687,2008
Anpara,NA,NA,271.3051,2009
Anpara,17.29791,28.09069,248.1827,2010
Anpara,16.1165,26.31068,NA,2011
Anpara,17.36957,27.01087,NA,2012
Anpara,17.44156,31.58442,NA,2013
Anpara,NA,NA,NA,2014
Anpara,NA,NA,NA,2015
Dehradoon,26.22632,26.96842,728.5263,1989
Dehradoon,26.91818,24.29091,670.6818,1990
Dehradoon,24.95909,NA,NA,1991
Dehradoon,23.35,20.5,742.5,1992
Dehradoon,29.57,26.8,NA,1993
Dehradoon,26.18,20.675,489,1994
Dehradoon,27.81667,19.52222,NA,1995
Dehradoon,16.7875,18.44167,291.8333,1997
Dehradoon,16.81818,14.5,NA,1998
Dehradoon,17.09524,16.76667,218.2857,1999
Dehradoon,NA,NA,NA,2000
Dehradoon,19.84167,20.60417,301.2083,2001
Dehradoon,NA,NA,266.9583,2002
Lucknow,NA,NA,216.75,1989
Lucknow,NA,NA,234.75,1990
Lucknow,NA,NA,NA,1991
Lucknow,18.73429,18.16286,NA,1993
Lucknow,24.23636,22.75455,427.9394,1994
Lucknow,29.85556,28.47778,504.0278,1995
Lucknow,29.62593,29.93704,464.5926,1996
Lucknow,NA,NA,351.6364,1997
Lucknow,30.54167,32.72222,472.5278,1998
Lucknow,27.36774,29.31935,359.5484,1999
Lucknow,27.59167,29.18333,247.3333,2000
Lucknow,NA,NA,262.1212,2001
Lucknow,NA,NA,309.1389,2002
Lucknow,14.12934,28.92469,257.1467,2004
Lucknow,12.93753,NA,415.9452,2005
Lucknow,10.26225,28.96206,403.1418,2006
Lucknow,NA,NA,NA,2007
Lucknow,NA,NA,NA,2008
Lucknow,NA,NA,NA,2009
Lucknow,8.180641,NA,NA,2010
Lucknow,NA,NA,NA,2011
Lucknow,7.973783,NA,NA,2012
Lucknow,NA,NA,NA,2013
Lucknow,NA,28.27027,NA,2014
Lucknow,NA,NA,NA,2015
Kanpur,NA,NA,359.6724,1990
Kanpur,9.36338,13.43239,NA,1991
Kanpur,6.885714,NA,NA,1992
Kanpur,13.56471,15.14118,NA,1993
Kanpur,15.15645,13.95645,457.6129,1994
Kanpur,13.07143,15.96349,450.2698,1995
Kanpur,14.25211,16.63239,424.2958,1996
Kanpur,13.75672,19.50448,362.2239,1997
Kanpur,16.88194,23.0625,415.7778,1998
Kanpur,16.925,22.6125,402.8472,1999
Kanpur,18.61587,26.73651,378.1746,2000
Kanpur,17.46667,25.82222,409.3472,2001
Kanpur,10.07083,22.84028,383.5694,2002
Kanpur,NA,NA,299.5053,2004
Kanpur,NA,NA,NA,2005
Kanpur,NA,NA,NA,2006
Kanpur,NA,NA,NA,2007
Kanpur,NA,NA,NA,2008
Kanpur,NA,NA,NA,2009
Kanpur,NA,NA,460.7949,2010
Kanpur,NA,NA,NA,2011
Kanpur,NA,NA,NA,2012
Kanpur,NA,NA,NA,2013
Kanpur,NA,NA,NA,2014
Kanpur,NA,NA,NA,2015
Gajroula,47.97143,45.42143,293.4286,1990
Gajroula,105.98,103.6,461.4,1991
Gajroula,109.3591,72.53182,NA,1993
Gajroula,NA,NA,453.3077,1994
Gajroula,NA,NA,NA,1995
Gajroula,26.45714,NA,390.8095,1996
Gajroula,NA,NA,254.4,1997
Gajroula,NA,NA,273.0455,1998
Gajroula,21.64167,NA,267.7917,1999
Gajroula,NA,NA,227.2727,2000
Gajroula,31.47826,14.05217,344.7391,2001
Gajroula,NA,NA,258.8333,2002
Varanasi,NA,NA,NA,1991
Varanasi,NA,NA,314,1992
Varanasi,24.15,26.55,NA,1993
Varanasi,NA,NA,276.2222,1994
Varanasi,NA,NA,237.8,1995
Varanasi,NA,NA,295.25,1997
Varanasi,NA,NA,417.1818,1998
Varanasi,NA,NA,337.75,1999
Varanasi,18.95,17.55,312,2000
Varanasi,11.23333,11.75,416.5,2001
Varanasi,10.525,11.53333,391.6667,2002
Varanasi,15.7,17.18,284.09,2004
Varanasi,NA,NA,327.7949,2005
Varanasi,15.63946,18.42857,NA,2006
Varanasi,NA,NA,NA,2007
Varanasi,NA,NA,NA,2008
Varanasi,NA,NA,NA,2009
Varanasi,17.53357,19.69865,NA,2010
Varanasi,NA,NA,NA,2011
Varanasi,NA,NA,NA,2012
Varanasi,NA,NA,NA,2013
Varanasi,18.64384,31.61644,NA,2014
Varanasi,19.28492,32.96089,NA,2015
"Noida, Ghaziabad",NA,NA,502.1176,1993
"Noida, Ghaziabad",NA,NA,502,1994
"Noida, Ghaziabad",NA,NA,NA,1995
Ghaziabad,NA,NA,NA,1993
Ghaziabad,NA,NA,NA,1995
Ghaziabad,NA,NA,241.5333,1997
Ghaziabad,21.26667,14.1,434,1998
Ghaziabad,NA,NA,249.5556,1999
Ghaziabad,33.1,NA,384.7222,2000
Ghaziabad,NA,NA,327.2917,2001
Ghaziabad,NA,26.27956,62.12409,2004
Ghaziabad,12.35385,NA,NA,2005
Ghaziabad,NA,NA,NA,2006
Ghaziabad,20.44698,15.17047,NA,2007
Ghaziabad,NA,NA,NA,2008
Ghaziabad,29.58214,30.83929,480.5429,2009
Ghaziabad,30.35405,36.78874,541.8405,2010
Ghaziabad,31.27419,38.93011,NA,2011
Ghaziabad,29.74257,34.01485,NA,2012
Ghaziabad,NA,NA,NA,2013
Ghaziabad,NA,NA,NA,2014
Ghaziabad,NA,NA,NA,2015
Noida,NA,NA,477,1994
Noida,NA,NA,NA,1995
Noida,NA,NA,221.5833,1997
Noida,NA,NA,226.75,1999
Noida,NA,66.37281,61.75439,2004
Noida,NA,NA,414.8235,2005
Noida,NA,NA,456.0734,2006
Noida,13.05803,49.42642,442.2176,2007
Noida,10.92381,42.54233,436.9418,2008
Noida,9.035185,28.77407,454.8704,2009
Noida,11.24311,46.23647,439.9407,2010
Noida,10.46354,44.61458,NA,2011
Noida,8.625,31.08333,NA,2013
Noida,8.515625,27.8125,NA,2014
Noida,8.5875,28.65,NA,2015
Renusagar,NA,NA,NA,2004
Renusagar,NA,NA,249.2309,2010
Renusagar,16.34951,26.20388,NA,2011
Renusagar,17.53261,33.97826,NA,2012
Renusagar,17.68831,27.14286,NA,2013
Renusagar,NA,NA,NA,2014
Renusagar,NA,NA,NA,2015
Gajraula,NA,NA,NA,2004
Gajraula,NA,NA,290.7327,2005
Gajraula,NA,NA,NA,2006
Gajraula,NA,NA,NA,2007
Gajraula,NA,NA,NA,2010
Gajraula,NA,NA,NA,2011
Gajraula,19.50754,29.39196,NA,2012
Gajraula,17.07576,25.57576,NA,2013
Gajraula,22.2033,35.30769,NA,2014
Gajraula,16.26984,30.84656,NA,2015
Firozabad,NA,31.12885,26.54808,2004
Firozabad,17.15819,NA,346.0791,2005
Firozabad,NA,NA,406.2034,2006
Firozabad,NA,NA,NA,2007
Firozabad,NA,NA,NA,2008
Firozabad,NA,NA,NA,2009
Firozabad,NA,NA,NA,2010
Firozabad,12.65646,31.63946,NA,2013
Firozabad,12.27597,25.50325,NA,2014
Firozabad,8.975694,29.59028,NA,2015
Jhansi,NA,NA,281.2338,2006
Jhansi,8.386099,28.19058,NA,2007
Jhansi,8.299507,27.15468,265.9212,2008
Jhansi,8.585845,27.40868,264.5205,2009
Jhansi,8.574792,25.17674,247.1125,2010
Jhansi,8.359583,23.54375,245.3875,2011
Jhansi,6.883178,19.61215,NA,2013
Jhansi,7.671053,21.46053,NA,2014
Jhansi,7.745,22.18,NA,2015
Khurja,NA,NA,NA,2006
Khurja,NA,NA,NA,2007
Khurja,NA,NA,NA,2008
Khurja,20.66,21.678,355.14,2009
Khurja,29.26304,26.8087,294.9957,2010
Khurja,NA,NA,NA,2011
Khurja,NA,NA,NA,2012
Khurja,24.63235,NA,NA,2013
Khurja,21.0625,NA,NA,2014
Khurja,NA,NA,NA,2015
Allahabad,19.86377,39.72174,341.7681,2007
Allahabad,NA,NA,471.09,2008
Allahabad,NA,NA,NA,2009
Allahabad,4.187944,24.06583,447.2222,2010
Allahabad,NA,21.68493,NA,2011
Allahabad,4.208738,31.7233,NA,2012
Allahabad,NA,28.94231,NA,2013
Allahabad,NA,27.70476,NA,2014
Allahabad,NA,28.48669,NA,2015
Meerut,NA,NA,NA,2007
Meerut,NA,NA,NA,2008
Meerut,8.131429,44.66429,578.6429,2009
Meerut,NA,NA,NA,2010
Meerut,4.70073,44.9854,NA,2011
Meerut,4.162791,42.70543,NA,2012
Bareilly,NA,NA,NA,2011
Bareilly,NA,23.57616,NA,2012
Bareilly,10.78992,25.0084,NA,2013
Bareilly,12.21495,22.91589,NA,2014
Bareilly,11.87437,22.52261,NA,2015
Gorakhpur,21.62637,42.12088,NA,2011
Gorakhpur,NA,NA,NA,2012
Gorakhpur,18.21587,32.41905,NA,2015
Mathura,NA,NA,NA,2011
Mathura,23.08824,29.02941,NA,2012
Moradabad,NA,NA,NA,2011
Moradabad,13.46305,23.16749,NA,2012
Moradabad,16.36765,23.92647,NA,2013
Moradabad,NA,NA,NA,2014
Moradabad,12.99333,26.6,NA,2015
Rai Bareilly,NA,11.41186,NA,2011
Rai Bareilly,11.37313,15.45771,NA,2012
Rai Bareilly,NA,NA,NA,2013
Rai Bareilly,NA,NA,NA,2014
Rai Bareilly,11.1982,16.74775,NA,2015
Saharanpur,28.36957,20.28261,NA,2011
Unnao,10.5,33.88462,NA,2011
Unnao,9.681416,31.9469,NA,2012
Unnao,NA,NA,NA,2013
Unnao,NA,NA,NA,2014
Unnao,19.57143,29.16071,NA,2015
Dehradun,NA,NA,NA,2004
Dehradun,NA,NA,NA,2005
Dehradun,NA,NA,NA,2006
Dehradun,NA,NA,NA,2007
Dehradun,25.55385,26.42308,267.8654,2008
Dehradun,NA,NA,333.2332,2010
Dehradun,NA,NA,NA,2011
Dehradun,26.11504,28.36283,NA,2012
Dehradun,NA,NA,NA,2013
Dehradun,NA,NA,NA,2015
Haldwani,NA,NA,NA,2011
Haldwani,NA,NA,NA,2013
Haldwani,NA,NA,NA,2015
Haridwar,NA,NA,NA,2011
Haridwar,NA,NA,NA,2012
Haridwar,NA,NA,NA,2013
Haridwar,NA,NA,NA,2015
Kashipur,NA,NA,NA,2011
Kashipur,NA,NA,NA,2013
Kashipur,NA,NA,NA,2015
Rishikesh,NA,NA,NA,2011
Rishikesh,22.45783,25.0241,NA,2013
Rishikesh,25.15714,NA,NA,2015
Rudrapur,NA,NA,NA,2011
Rudrapur,NA,NA,NA,2013
Rudrapur,NA,NA,NA,2015
Haldia,NA,25.92727,162.6364,1987
Haldia,8.04,20.26,249,1989
Haldia,NA,NA,176.2,1990
Haldia,14.73846,49.10769,133.3077,1991
Haldia,12.38636,29.88636,86.72727,1992
Haldia,21.33125,37.9625,NA,1993
Haldia,26.84,45.665,134.95,1994
Haldia,28,44.89,102.95,1995
Haldia,NA,NA,160.75,1996
Haldia,38.2,52.2,88,1997
Haldia,44.35714,57.95714,207.7143,1998
Haldia,29.78333,69.1375,105.8333,2000
Haldia,14.9875,50.39583,81.75,2001
Haldia,7.4375,25.7625,82.66667,2002
Haldia,NA,25.71488,143.3795,2004
Haldia,7.465517,37.66897,197.7438,2005
Haldia,8.843902,43.49463,203.9268,2006
Haldia,NA,NA,NA,2007
Haldia,9.178365,50.00673,132.0048,2008
Haldia,9.572222,67.17222,249.2222,2009
Haldia,13.76875,51.65046,140.3773,2010
Haldia,14.69471,54.68269,NA,2011
Haldia,9.884615,39.11538,NA,2013
Haldia,10.86538,38.26923,NA,2014
Haldia,2.932692,16.94231,NA,2015
Howrah,39.71489,69.38936,457.1915,1987
Howrah,47.94167,79.31042,363.5833,1988
Howrah,58.69,94.64667,369.2,1989
Howrah,NA,NA,380.4043,1990
Howrah,50.9025,76.535,291.425,1991
Howrah,NA,NA,231.625,1992
Howrah,88.95625,140.6937,NA,1993
Howrah,73.05455,202.6114,265.2045,1994
Howrah,74.80417,206.2167,307.5625,1995
Howrah,NA,NA,259.8333,1996
Howrah,123.825,170.8,378,1997
Howrah,12.35714,49.75714,124.0952,2000
Howrah,10.58788,59.23333,NA,2001
Howrah,10.91667,71.27778,189.3889,2002
Howrah,NA,95.061,223.4519,2004
Howrah,NA,90.26746,203.4019,2005
Howrah,8.637956,71.17883,222.4112,2006
Howrah,NA,NA,NA,2007
Howrah,10.2524,76.95264,223.2139,2008
Howrah,13.71388,NA,241.0718,2009
Howrah,12.02112,75.34029,233.8964,2010
Howrah,12.35096,62.08173,NA,2011
Howrah,10.5156,44.6484,107.3168,2013
Howrah,9.230769,35.01923,NA,2014
Howrah,15.43269,43.25962,NA,2015
Calcutta,30.18824,28.84118,227.6471,1990
Calcutta,62.00294,39.57941,NA,1991
Calcutta,41.32727,34.50909,NA,1992
Calcutta,35.5375,35.37083,NA,1993
Calcutta,36.61,28.165,382.6,1994
Calcutta,34.79444,29.11389,337.9444,1995
Calcutta,22.22727,29.4697,NA,1996
Calcutta,26.88182,30.86364,NA,1997
Calcutta,32.79643,33.35357,NA,1998
Calcutta,42.78333,29.91111,300.4167,1999
Calcutta,17.51389,34.88889,316,2000
Calcutta,17.71667,73.09722,274.6389,2001
Calcutta,11.45278,81.66389,192.3056,2002
Calcutta,7.95,43.30417,110.8125,2004
Calcutta,11.01136,86.60227,NA,2014
Durgapur,NA,42.13333,221.3362,2004
Durgapur,8.164286,66.26429,301.6611,2010
Durgapur,7.337209,57.12209,NA,2011
Durgapur,13,47.72,NA,2012
Durgapur,10.22417,50.75708,98.17208,2013
Durgapur,NA,NA,NA,2015
Asansol,NA,45.63286,255.3757,2004
Asansol,5.527619,50.18952,264.4857,2005
Asansol,5.235577,53.99423,279.6923,2006
Asansol,6.664762,56.94286,229.3238,2007
Asansol,8.474038,73.51731,295.9808,2008
Asansol,9.445098,61.80588,349.6863,2009
Asansol,8.039048,66.23333,302.7407,2010
Asansol,6.959459,55.26351,NA,2011
Asansol,13.12245,46.87755,NA,2012
Asansol,10.14404,51.27021,NA,2013
Asansol,7.865385,54,NA,2014
Asansol,7.807692,54.64423,NA,2015
Kolkata,9.915625,67.75,145.9583,2004
Kolkata,NA,NA,NA,2005
Kolkata,NA,NA,NA,2006
Kolkata,NA,NA,NA,2007
Kolkata,NA,NA,NA,2008
Kolkata,NA,NA,279.6951,2009
Kolkata,8.048455,64.61057,197.6504,2010
Kolkata,12.24324,65.05968,NA,2011
Kolkata,32.68337,63.02204,NA,2012
Kolkata,10.78009,70.46991,NA,2013
Kolkata,NA,NA,NA,2014
Kolkata,NA,NA,NA,2015
Durgapur (WB),9.038636,46.54545,284.7652,2005
Durgapur (WB),7.010577,50.21122,NA,2006
Durgapur (WB),7.249521,55.46358,247.9904,2007
Durgapur (WB),8.184615,71.77051,292.0321,2008
Durgapur (WB),9.848366,63.94477,365.6209,2009
Baruipur,NA,NA,NA,2007
Barrackpore,11.55869,73.83443,240.5235,2010
Barrackpore,20.93269,45.46154,NA,2011
Barrackpore,10.50625,50.36667,100.8625,2013
Barrackpore,8.548077,55.30769,NA,2014
Barrackpore,8.471154,58.46154,NA,2015
Raniganj,8.463175,63.44286,NA,2010
Raniganj,73.10577,59.35897,NA,2011
Raniganj,126.4083,14.44583,NA,2012
Raniganj,10.04167,50.75,NA,2013
Raniganj,9.25,57.98077,NA,2014
Raniganj,NA,NA,NA,2015
Sankrail,9.899279,65.18846,198.4179,2010
Sankrail,9.015424,49.13368,NA,2011
South Suburban,7.055484,55.65452,179.828,2010
South Suburban,6.099359,50.15385,NA,2011
South Suburban,118.8421,8.280702,NA,2012
South Suburban,8.516471,59.56549,NA,2013
South Suburban,4.213592,37.76214,NA,2014
South Suburban,2.903846,36.57692,NA,2015
DANKUNI,15.08738,43.67961,NA,2015
HALDIA,19.26923,50.05769,NA,2015
Kalyani,2.894231,36.03846,NA,2015
MALDAH,2.509615,16.34615,NA,2015
SILIGURI,3.288462,17.93269,NA,2015
ULUBERIA,14.61538,43.31731,NA,2015
